ID,Address,Rooms,Type,Price,Date,Bathroom,Car,Landsize,Age,Lattitude,Longtitude
ID951619551,1/295 Clarendon St,2,u,1360000.0,22/05/2016,1.0,2.0,0.0,129.0,-37.8335,144.9611
ID336146137,8/27 Kensington Rd,2,u,613000.0,26/07/2016,1.0,1.0,0.0,109.0,-37.838,145.0011
ID857802811,4 Boyd St,3,h,980000.0,19/11/2016,1.0,2.0,724.0,54.0,-37.8672,144.817
ID677073684,32 Hooker Rd,3,h,515000.0,23/09/2017,2.0,1.0,517.0,34.0,-37.89423,144.64131
ID379495600,6/26 Ruskin St,2,u,500000.0,22/05/2016,1.0,1.0,0.0,49.0,-37.8761,144.9821
ID816586480,303/62 Altona St,1,u,355000.0,8/04/2017,1.0,1.0,2581.0,39.0,-37.7979,144.9265
ID904481708,1/42 Wattle Dr,3,h,582000.0,8/10/2016,1.0,0.0,302.0,69.0,-37.7163,145.0768
ID710660600,5 Lockheed St,4,h,950000.0,22/05/2016,3.0,2.0,541.0,53.0,-37.7156,144.8975
ID967698177,138 Raleigh St,2,h,1143000.0,22/08/2016,1.0,2.0,431.0,49.0,-37.7598,145.0088
ID906083657,11/201 Wellington Pde S,1,u,630000.0,25/02/2017,1.0,1.0,0.0,49.0,-37.8168,144.9787
ID799408226,2 May St,4,h,1200000.0,19/11/2016,2.0,2.0,578.0,9.0,-37.7614,144.8953
ID209673547,29 Boisdale St,5,h,1518000.0,23/04/2016,2.0,1.0,632.0,69.0,-37.8352,145.1023
ID608831604,1/54 Emmaline St,1,u,370000.0,23/04/2016,1.0,1.0,0.0,109.0,-37.7635,144.9934
ID161276407,1 Bruce St,4,h,1655000.0,12/08/2017,2.0,4.0,651.0,111.0,-37.90296,145.02261000000001
ID573889728,89 John St,3,h,610000.0,3/09/2016,1.0,2.0,696.0,59.0,-37.6972,144.9431
ID302715717,32 Stamford Rd,3,h,1365000.0,8/07/2017,2.0,2.0,655.0,59.0,-37.89542,145.10055
ID747122832,24/18 Station Rd,2,u,415000.0,15/10/2016,1.0,1.0,0.0,39.0,-37.857,144.891
ID718981517,71 Hamilton Rd,5,h,1355000.0,23/09/2017,3.0,5.0,44500.0,74.0,-37.453920000000004,144.58864
ID139391864,25 Carlyle St,3,h,676500.0,8/10/2016,2.0,1.0,250.0,59.0,-37.7905,144.8762
ID886080898,2/54 Pender St,1,u,330000.0,27/06/2016,1.0,1.0,0.0,49.0,-37.7544,145.0092
ID816440337,20 Ryan St,2,h,760000.0,27/06/2016,1.0,0.0,130.0,99.0,-37.7988,144.9045
ID398825798,115 Page St,4,h,4735000.0,25/02/2017,2.0,1.0,330.0,109.0,-37.8477,144.9558
ID709996023,4/105 Raleigh Rd,2,t,510000.0,14/05/2016,2.0,1.0,176.0,9.0,-37.7693,144.8905
ID799140794,13/41 Moreland St,2,u,571000.0,16/07/2016,2.0,1.0,0.0,6.0,-37.8025,144.9073
ID744101533,5/576 Glenferrie Rd,2,u,418000.0,7/11/2016,1.0,0.0,1056.0,129.0,-37.8261,145.0349
ID611669268,15 Blossom Ct,3,h,1400000.0,12/08/2017,3.0,2.0,621.0,39.0,-37.79207,145.11672
ID133901148,3 Jika Pl,3,h,915000.0,24/09/2016,3.0,1.0,140.0,119.0,-37.8148,144.9912
ID650193454,60 Speight St,3,h,891500.0,22/08/2016,1.0,0.0,344.0,99.0,-37.8424,144.8754
ID867233745,48 Derby St,4,h,822000.0,18/03/2017,2.0,2.0,250.0,36.0,-37.7319,144.9461
ID320304628,14 Lovett Dr,4,h,1160000.0,7/05/2016,3.0,2.0,789.0,49.0,-37.7537,144.8729
ID682312940,208/86 Altona St,2,u,458000.0,30/07/2016,1.0,1.0,0.0,13.0,-37.7966,144.9254
ID279509004,12 Tylden Pl,3,h,729000.0,12/08/2017,1.0,1.0,672.0,39.0,-37.6784,144.88797
ID379150442,6 Kynoch La,3,t,560000.0,4/02/2016,2.0,2.0,77.0,15.0,-37.7746,144.8798
ID262978021,15/9 Darling St,2,u,990000.0,4/03/2017,2.0,2.0,0.0,4.0,-37.8379,144.9913
ID582211754,4/4 Powell St,1,u,401500.0,15/07/2017,1.0,1.0,10.0,59.0,-37.841570000000004,144.98935
ID765130191,30 Mulkarra Dr,3,h,840000.0,3/06/2017,2.0,2.0,534.0,44.0,-38.04683,145.1261
ID664142951,1/30 Burns St,3,t,810000.0,24/06/2017,2.0,2.0,209.0,59.0,-37.78707,144.87608
ID421666134,8/129 The Parade,1,u,390000.0,12/11/2016,1.0,1.0,0.0,47.0,-37.7723,144.9094
ID854801750,11 Raleigh St,3,h,770000.0,16/04/2016,1.0,0.0,438.0,99.0,-37.754,144.92600000000004
ID999724927,106 William St,3,h,620000.0,27/06/2016,1.0,2.0,604.0,49.0,-37.6978,144.9686
ID303783489,3/43 The Ridge,2,u,485000.0,8/07/2017,1.0,1.0,0.0,59.0,-37.82945,145.15697
ID931372243,83 Power St,3,h,1170000.0,26/08/2017,2.0,4.0,436.0,22.0,-37.852740000000004,144.88738
ID166180676,12/194 Neerim Rd,1,u,285000.0,8/04/2017,1.0,1.0,0.0,39.0,-37.8875,145.0489
ID594489318,22 Ellesmere St,2,h,875000.0,18/06/2016,1.0,1.0,0.0,99.0,-37.7736,145.0074
ID880871266,1 Walwa Pl,3,h,427000.0,1/07/2017,1.0,2.0,637.0,35.0,-37.91165,144.67241
ID338677649,4/568 Toorak Rd,3,u,1100000.0,4/03/2017,2.0,1.0,0.0,84.0,-37.8429,145.0227
ID824105992,14 Clarence St,2,h,1000000.0,8/07/2017,1.0,0.0,132.0,8.0,-37.78696,144.92556000000005
ID590197137,18 Benjamin St,3,h,860000.0,15/07/2017,1.0,3.0,446.0,109.0,-37.79354,144.8328
ID241791200,4/71 Station Rd,2,t,400000.0,8/07/2017,1.0,1.0,102.0,7.0,-37.711220000000004,144.91863
ID912085968,21 Robeson St,4,h,1110000.0,20/05/2017,1.0,2.0,556.0,84.0,-37.7489,144.9861
ID375156923,1A Kawarren St,3,h,1360000.0,12/08/2017,2.0,2.0,424.0,64.0,-37.78617,145.09202
ID386390035,28 Greeves St,2,h,1350000.0,13/05/2017,1.0,0.0,131.0,119.0,-37.7999,144.9776
ID333187493,10/117 Anderson Rd,1,u,185000.0,22/08/2016,1.0,1.0,2347.0,44.0,-37.7852,144.8272
ID299145494,41 Highfield Rd,3,h,1209000.0,9/09/2017,1.0,2.0,635.0,49.0,-37.78649,145.16773999999995
ID722674046,1/455 Albion St,1,u,265000.0,7/05/2016,1.0,1.0,0.0,19.0,-37.7586,144.9452
ID636032289,1/100 St Elmo Rd,2,u,450000.0,19/11/2016,1.0,1.0,0.0,59.0,-37.759,145.047
ID151721677,10 Cecelia Dr,3,h,806000.0,27/05/2017,2.0,4.0,546.0,54.0,-37.747609999999995,144.8521
ID735309027,1/949 Punt Rd,1,u,310000.0,23/04/2016,1.0,1.0,0.0,49.0,-37.8319,144.9876
ID141288397,84 Centre Rd,5,h,1300000.0,19/08/2017,2.0,2.0,891.0,39.0,-37.836909999999996,145.21268999999995
ID936268784,5 Stewart St,4,h,1870000.0,26/08/2017,2.0,2.0,663.0,24.0,-37.90617,145.02875
ID789343496,1/20 Mulga St,3,t,765000.0,17/06/2017,2.0,2.0,200.0,12.0,-37.86837,144.81502
ID481582675,32c Burns St,2,t,510000.0,22/08/2016,1.0,2.0,118.0,5.0,-37.787,144.8748
ID709465999,4 Hillard St,3,h,1690000.0,24/06/2017,1.0,2.0,706.0,89.0,-37.88066,145.06605
ID441003528,9 John St,4,h,1625000.0,7/05/2016,2.0,2.0,822.0,129.0,-37.7749,144.9762
ID194129015,78 Arnold St,3,h,1540000.0,12/08/2017,2.0,1.0,288.0,79.0,-37.78311,144.96548
ID346608649,35 Pakington St,3,h,1678000.0,27/06/2016,2.0,2.0,361.0,3.0,-37.8663,144.9882
ID320608862,31 Eden St,4,h,1255000.0,24/06/2017,2.0,4.0,712.0,59.0,-37.97145,145.06132
ID952533381,13 Stewart St,2,h,1360000.0,8/10/2016,1.0,1.0,690.0,89.0,-37.9056,145.0288
ID483031246,38 Daisy St,3,h,1040000.0,12/08/2017,1.0,1.0,756.0,58.0,-37.82909,145.233
ID545879387,2 Erica Ct,2,h,736500.0,27/05/2017,1.0,1.0,271.0,5.0,-37.75329,145.04058999999995
ID960960187,1/33 Holyrood St,3,h,1460000.0,15/10/2016,2.0,2.0,413.0,49.0,-37.933,144.9975
ID349025788,63 Kent St,2,h,751000.0,7/05/2016,1.0,1.0,118.0,129.0,-37.7807,144.9288
ID234875461,19 Worrall St,4,h,1471000.0,12/08/2017,2.0,2.0,797.0,69.0,-37.84883,145.12998000000005
ID722189428,25/510 Glenferrie Rd,1,u,348000.0,3/12/2016,1.0,1.0,0.0,69.0,-37.8303,145.0341
ID290427319,14 Holbeach St,5,h,1523500.0,17/06/2017,2.0,2.0,577.0,7.0,-37.85919000000001,145.15851999999995
ID147414268,6 Sapphire St,7,h,1300000.0,19/11/2016,2.0,2.0,614.0,49.0,-37.75,144.8858
ID519705204,32 Ayr St,4,h,800000.0,22/04/2017,1.0,4.0,605.0,39.0,-37.7051,145.0331
ID335161678,226 Murrumbeena Rd,3,h,1076000.0,26/07/2016,1.0,1.0,554.0,59.0,-37.9012,145.0646
ID321512769,6 Wimmera St,3,h,825000.0,28/05/2016,1.0,2.0,538.0,8.0,-37.9454,145.0507
ID606488276,389 Gore St,3,h,2700000.0,12/08/2017,3.0,1.0,433014.0,79.0,-37.797509999999996,144.98309
ID970983833,168 Darebin Dr,3,h,544000.0,29/07/2017,1.0,2.0,534.0,59.0,-37.67024,145.03644
ID179525783,41/106 Southbank Bvd,3,u,720000.0,3/09/2016,1.0,1.0,0.0,26.0,-37.8235,144.9655
ID564274048,10/264 Williams Rd,3,t,910000.0,27/11/2016,2.0,2.0,0.0,39.0,-37.842,145.0046
ID951628303,69 Buckingham St,3,h,1525000.0,9/09/2017,2.0,0.0,195.0,129.0,-37.81384,145.00358
ID583055471,10/12 St Huberts Rd,1,u,350000.0,19/11/2016,1.0,1.0,0.0,39.0,-37.8894,145.0508
ID771250902,2/16 Beaver St,3,t,1370000.0,22/08/2016,2.0,2.0,323.0,49.0,-37.8704,145.0411
ID839211482,108 Michael St,2,h,1350000.0,1/07/2017,1.0,1.0,184.0,119.0,-37.784929999999996,144.98879
ID247410326,14 Alice St,3,h,990000.0,29/04/2017,1.0,3.0,414.0,89.0,-37.7432,144.9573
ID464392447,34 Bliburg St,4,h,650000.0,1/07/2017,1.0,1.0,692.0,59.0,-37.6876,144.91167
ID964914365,35 College St,3,h,2375000.0,27/11/2016,2.0,2.0,472.0,18.0,-37.8171,145.0252
ID153497036,17 Plato Cr,3,h,1025000.0,23/09/2017,1.0,2.0,691.0,69.0,-37.908229999999996,145.16173
ID766618020,14 Emily St,3,h,1646000.0,11/03/2017,2.0,2.0,721.0,49.0,-37.8909,145.0648
ID604767340,4 Papua St,3,h,702000.0,24/09/2016,1.0,1.0,604.0,49.0,-37.7115,145.088
ID656547662,1/7 Sanders Pl,3,t,1582000.0,25/02/2017,3.0,2.0,119.0,14.0,-37.8278,144.9984
ID499212318,4 Wingate St,4,h,1472500.0,28/08/2016,2.0,2.0,592.0,6.0,-37.9351,145.0572
ID693236895,29 Bevan St,4,h,2188000.0,19/11/2016,2.0,2.0,752.0,38.0,-37.8149,145.0747
ID363503838,7 Octantis St,3,h,1369000.0,24/06/2017,1.0,2.0,696.0,44.0,-37.77973,145.16473
ID625551596,950 Heidelberg Rd,3,h,1155000.0,7/11/2016,1.0,2.0,537.0,74.0,-37.7773,145.0379
ID850369129,1093 Riversdale Rd,3,h,2100000.0,1/07/2017,1.0,9.0,841.0,59.0,-37.83729,145.10929
ID155641285,200 West St,4,h,780000.0,17/06/2017,1.0,3.0,697.0,59.0,-37.70159,144.93948
ID745021221,1 Victoria St,2,h,592000.0,3/09/2016,1.0,2.0,577.0,119.0,-37.7137,144.9167
ID673647401,28 Baker Pde,4,t,1650000.0,26/08/2017,2.0,1.0,338.0,14.0,-37.86058,145.08542
ID230502445,29 MacFarlan St,2,h,2325000.0,7/11/2016,2.0,2.0,355.0,19.0,-37.8392,144.9883
ID383218408,5 Barnett St,4,h,830000.0,16/09/2017,1.0,3.0,502.0,15.0,-37.782090000000004,144.84581
ID324827042,10/530 Toorak Rd,2,u,525000.0,28/05/2016,1.0,1.0,0.0,69.0,-37.8424,145.0184
ID913374458,2 View Ct,2,h,1910000.0,7/05/2016,2.0,4.0,696.0,19.0,-37.9249,144.9903
ID904309263,3/4 Murrell St,2,t,434500.0,19/11/2016,1.0,1.0,125.0,44.0,-37.7042,144.9211
ID136341026,2/143 Smith St,1,u,315000.0,19/11/2016,1.0,1.0,0.0,49.0,-37.7566,144.9893
ID684340034,4 Ella Ct,4,h,1300000.0,8/04/2017,2.0,2.0,872.0,49.0,-37.7906,145.1138
ID635285446,1/41 Elizabeth St,3,u,1025000.0,4/03/2017,2.0,2.0,384.0,20.0,-37.9229,145.0557
ID525549713,262 Liberty Pde,3,h,465000.0,28/08/2016,1.0,1.0,413.0,59.0,-37.7399,145.0369
ID402504905,2/9 Mummery St,3,t,1375000.0,8/07/2017,2.0,2.0,366.0,12.0,-37.87904,145.12911
ID891024989,8 Couch St,4,h,691000.0,16/07/2016,1.0,1.0,521.0,69.0,-37.7953,144.8332
ID985483205,19 Hall St,3,h,900000.0,15/07/2017,1.0,0.0,227.0,99.0,-37.752959999999995,144.95967
ID140369650,9 Pearce St,3,h,955000.0,16/04/2016,1.0,1.0,202.0,139.0,-37.8196,144.8839
ID804137477,13 Clinnick St,3,h,935000.0,12/08/2017,1.0,2.0,529.0,59.0,-37.72017,144.99873
ID726469661,95 Station St,2,h,1150000.0,18/03/2017,1.0,0.0,82.0,109.0,-37.8361,144.9403
ID205965553,29 Charlotte St,3,h,901000.0,22/05/2016,1.0,1.0,557.0,119.0,-37.8378,144.8657
ID914571356,23 Bullanoo Ct,3,h,725000.0,22/07/2017,2.0,2.0,672.0,9.0,-37.68989000000001,145.10698
ID665270420,28 Walnut Rd,4,h,1950000.0,14/05/2016,3.0,2.0,665.0,49.0,-37.7889,145.0904
ID428635858,7 Cowra St,3,h,840000.0,8/04/2017,1.0,2.0,577.0,19.0,-37.864000000000004,144.8161
ID959059503,13/561 Glenferrie Rd,1,u,488000.0,10/12/2016,1.0,1.0,0.0,15.0,-37.8272,145.0343
ID157700958,17 Reed St,3,h,1740000.0,28/08/2016,2.0,2.0,147.0,129.0,-37.8448,144.9453
ID197036303,6 Foam St,4,h,1362000.0,19/08/2017,2.0,3.0,549.0,64.0,-38.01695,145.09933999999996
ID610352991,19 Browning Dr,4,h,2000000.0,17/06/2017,2.0,2.0,457.0,23.0,-37.76951,145.16182
ID752358101,153 Coronation St,3,h,967500.0,18/03/2017,1.0,1.0,325.0,129.0,-37.812,144.8804
ID230392335,2/11 Dowling St,3,u,422500.0,30/07/2016,2.0,1.0,195.0,19.0,-37.7062,144.9688
ID185531224,7/12 Oxford St,1,u,340000.0,18/03/2017,1.0,1.0,29.0,93.0,-37.8215,145.1214
ID545080774,124c Hoffmans Rd,3,t,720000.0,15/10/2016,1.0,2.0,190.0,20.0,-37.7418,144.8918
ID769477328,2/5 McDowell St,2,u,540000.0,26/08/2017,1.0,1.0,208.0,24.0,-37.70791,145.09575
ID667133140,3 Belinda Ct,4,h,1015000.0,28/08/2016,2.0,3.0,625.0,22.0,-37.9374,145.0726
ID386388345,23 Yawla St,3,h,1500000.0,7/05/2016,2.0,1.0,565.0,79.0,-37.9134,145.0263
ID458111180,1/76 Carlisle St,2,u,430000.0,3/12/2016,1.0,1.0,0.0,49.0,-37.8675,144.9851
ID586436405,39 Luckins Rd,4,h,1300000.0,7/11/2016,2.0,2.0,697.0,79.0,-37.9318,145.0474
ID572642263,125 Roslyn St,3,h,1950000.0,3/06/2017,1.0,2.0,632.0,79.0,-37.91677,145.00372
ID515831124,12 Willis St,3,h,2050000.0,4/03/2017,2.0,1.0,205.0,109.0,-37.8574,145.0281
ID338224718,3/33 Glen Ebor Av,3,h,786000.0,23/09/2017,1.0,2.0,1271.0,39.0,-37.821509999999996,145.16138999999995
ID705391908,44 Morley St,4,h,825000.0,30/07/2016,2.0,4.0,768.0,49.0,-37.6979,144.9377
ID728873840,5/19 Hughes St,4,t,845000.0,3/06/2017,3.0,2.0,94.0,129.0,-37.852129999999995,145.10928
ID304296304,28 Oakwood Rd,3,h,526500.0,24/06/2017,1.0,2.0,529.0,54.0,-37.7438,144.77059
ID829693141,15/1 Manna Gum Ct,3,t,590000.0,17/09/2016,2.0,2.0,0.0,81.0,-37.7372,144.9764
ID959814810,319/350 Victoria St,2,u,645000.0,7/05/2016,1.0,1.0,0.0,59.0,-37.8055,144.9547
ID769267043,3 Terrara Ct,4,h,1290000.0,24/06/2017,2.0,2.0,407.0,16.0,-37.85028,145.18787
ID860618157,22 Watersedge Cl,4,h,1040000.0,15/07/2017,2.0,2.0,633.0,44.0,-37.88214,145.25058
ID287530804,4 Short St,3,h,746000.0,16/09/2017,1.0,1.0,400.0,69.0,-37.80954000000001,145.25538
ID521083806,35 Shelley St,2,h,905000.0,15/10/2016,1.0,0.0,139.0,99.0,-37.8118,144.9937
ID577448511,2/27 Kenilworth St,2,t,530000.0,16/04/2016,1.0,1.0,0.0,12.0,-37.7141,145.0047
ID372997140,152A Cochrane St,4,h,1830000.0,3/12/2016,2.0,2.0,436.0,99.0,-37.8927,145.0005
ID932291899,50 Dorrit St,3,h,1760000.0,26/08/2017,1.0,2.0,9405.0,139.0,-37.79945,144.96653
ID435213021,4/36 Queens Pde,2,u,600000.0,18/03/2017,1.0,1.0,153.0,49.0,-37.8696,145.0962
ID213747940,6 Burley St,2,u,390000.0,1/07/2017,1.0,1.0,197.0,69.0,-37.61401,145.03301000000005
ID239738858,5 Smith St,3,h,1968500.0,20/05/2017,2.0,2.0,674.0,23.0,-37.9179,145.0429
ID975977256,48 Everard St,3,h,580000.0,19/11/2016,1.0,2.0,650.0,59.0,-37.7002,144.9408
ID542784282,1 Melva St,4,h,1515000.0,6/05/2017,3.0,2.0,635.0,69.0,-37.9107,145.0745
ID687803895,141 Cooper St,3,h,1990000.0,12/06/2016,2.0,2.0,1021.0,19.0,-37.7415,144.8987
ID286844898,1/9 Myrniong St,3,h,967500.0,7/11/2016,2.0,1.0,233.0,68.0,-37.8515,145.0938
ID668358590,11 Abercarn Av,4,h,595000.0,9/09/2017,1.0,0.0,641.0,29.0,-37.61114,144.93683000000001
ID307185010,8/75 Hawdon St,2,u,450000.0,12/08/2017,1.0,0.0,2020.0,21.0,-37.75692,145.06426000000005
ID841535657,3 Dougharty Rd,3,h,790000.0,1/07/2017,2.0,1.0,458.0,10.0,-37.73569000000001,145.05913
ID879360219,4/585 Glen Huntly Rd,2,u,591000.0,10/12/2016,1.0,1.0,815.0,11.0,-37.8857,145.0136
ID892289791,150 Gooch St,3,h,1240000.0,3/06/2017,1.0,1.0,435.0,49.0,-37.75915,145.01043
ID845116717,19 Gilmore Rd,3,h,1485000.0,16/04/2016,2.0,2.0,731.0,59.0,-37.7892,145.131
ID185631361,58 Church St,3,h,570000.0,27/05/2017,1.0,2.0,660.0,59.0,-37.909079999999996,144.65774
ID440502544,16 Fenwick St,2,h,910000.0,18/06/2016,1.0,1.0,100.0,49.0,-37.7879,144.9759
ID321795569,49 Tennyson St,3,h,1800000.0,19/08/2017,2.0,1.0,460.0,109.0,-37.872409999999995,145.05103
ID999196452,10/59 Young St,3,h,1326000.0,20/05/2017,2.0,2.0,718.0,13.0,-37.8065,144.9781
ID666781494,2/13 Emily St,2,u,603000.0,20/05/2017,1.0,1.0,2.0,32.0,-37.8912,145.0644
ID823878193,76 Vincent St,5,h,2255000.0,12/08/2017,3.0,2.0,556.0,7.0,-37.95017,145.02053999999995
ID773400064,2/14 Wamba Rd,3,u,920000.0,18/06/2016,2.0,1.0,388.0,12.0,-37.9329,145.053
ID345662372,2/123 Waterdale Rd,3,t,975000.0,24/06/2017,2.0,1.0,103.0,22.0,-37.76676,145.04333
ID595827329,5/60 Farnham St,1,u,345000.0,18/06/2016,1.0,1.0,0.0,49.0,-37.7826,144.9311
ID805885119,11/19 Wood St,2,u,587134.0,28/08/2016,1.0,1.0,0.0,49.0,-37.7976,144.9454
ID837656429,127 Tucker Rd,4,h,1260000.0,4/03/2017,2.0,2.0,793.0,19.0,-37.9232,145.0502
ID903467881,87 McBryde St,3,h,660000.0,10/12/2016,1.0,2.0,622.0,49.0,-37.7095,144.9757
ID142959045,9 Grace St,3,h,1000000.0,4/03/2017,2.0,2.0,739.0,49.0,-37.7104,145.0817
ID565609732,79 Lincoln Rd,4,h,1726000.0,18/03/2017,2.0,2.0,705.0,44.0,-37.7497,144.9089
ID966770621,3/595 Burke Rd,2,t,775000.0,27/11/2016,2.0,1.0,103.0,59.0,-37.8406,145.0545
ID285189985,15 Orford St,2,h,956000.0,27/06/2016,1.0,2.0,435.0,99.0,-37.7692,144.9042
ID563497116,22 Deakin St,2,h,1400000.0,18/06/2016,1.0,1.0,312.0,133.0,-37.8654,145.0412
ID340232618,1B Simpson Pl,3,h,1670000.0,9/09/2017,3.0,2.0,107.0,49.0,-37.81753,145.01988
ID563427996,25 Hayes Rd,5,h,1440000.0,12/06/2016,3.0,2.0,617.0,29.0,-37.7386,144.917
ID979590074,18/180 Union St,2,u,435000.0,12/06/2016,1.0,1.0,0.0,17.0,-37.7727,144.9497
ID541838688,66 Argyll St,3,h,1100000.0,24/09/2016,1.0,2.0,645.0,59.0,-37.875,145.0861
ID230454188,1 Tamar Dr,4,h,355000.0,3/06/2017,2.0,1.0,766.0,39.0,-37.69791,144.5807
ID122675104,60 Hayward La,3,h,1630000.0,25/02/2017,2.0,0.0,95.0,5.0,-37.8092,144.967
ID895918175,28 Gloucester St,3,h,730000.0,7/05/2016,1.0,1.0,546.0,8.0,-37.721,144.9967
ID559533148,4 Boeing Rd,4,h,1260000.0,10/09/2016,2.0,2.0,697.0,7.0,-37.7141,144.8995
ID860864810,278 Nicholson St,2,h,701000.0,30/07/2016,1.0,0.0,164.0,109.0,-37.8078,144.8979
ID742522570,6 Troup Ct,3,h,485000.0,22/07/2017,1.0,1.0,633.0,59.0,-37.89444,144.65591
ID620746212,365 Liberty Pde,3,h,525500.0,8/10/2016,1.0,1.0,605.0,59.0,-37.7344,145.0404
ID508857384,4 Mawby Rd,4,h,1433500.0,25/02/2017,1.0,1.0,725.0,69.0,-37.9289,145.0502
ID476344874,41 Maidstone St,3,u,767000.0,12/08/2017,2.0,1.0,305.0,14.0,-37.871,144.81153
ID637139877,66 Willmott Dr,3,h,390000.0,29/07/2017,1.0,1.0,301.0,18.0,-37.58739,144.92619
ID628972889,6 Harlington St,3,h,1018000.0,8/07/2017,1.0,2.0,615.0,8.0,-37.920629999999996,145.11186
ID175388776,30 Alexander St,3,h,1297000.0,8/07/2017,2.0,0.0,186.0,129.0,-37.79557,144.99158
ID130204794,83 Truganini Rd,3,h,1910000.0,25/02/2017,1.0,1.0,720.0,104.0,-37.8922,145.0544
ID166553881,1211/50 Albert Rd,2,u,530000.0,3/06/2017,1.0,1.0,1646.0,7.0,-37.83406,144.97131000000005
ID758091098,12 Auckland St,3,h,1365000.0,1/07/2017,1.0,1.0,776.0,94.0,-37.92487,145.04703
ID520571597,75 Sutherland Rd,3,h,1285000.0,25/02/2017,1.0,2.0,186.0,99.0,-37.8554,145.0173
ID118484109,86 Cramer St,3,h,1150000.0,27/11/2016,1.0,4.0,728.0,99.0,-37.7392,144.9937
ID133912799,509 Boronia Rd,4,h,1214000.0,15/07/2017,1.0,2.0,734.0,59.0,-37.852090000000004,145.24268
ID484159275,295 Greenwood Dr,3,h,860500.0,24/09/2016,2.0,0.0,767.0,59.0,-37.7084,145.0788
ID742777305,48 Thomas St,2,h,1000000.0,10/09/2016,1.0,2.0,564.0,71.0,-37.9143,145.0238
ID191564411,1/43 Abbotsford St,2,u,505000.0,27/05/2017,1.0,1.0,0.0,49.0,-37.80206,145.00015
ID511446821,15 Wallace St,4,h,1000000.0,24/09/2016,1.0,1.0,589.0,84.0,-37.7628,144.9459
ID523319273,109 Victoria Rd,3,h,1300000.0,11/02/2017,2.0,1.0,379.0,49.0,-37.7741,145.0109
ID441226166,23 Berry St,3,h,1278000.0,16/07/2016,2.0,3.0,405.0,89.0,-37.7464,144.959
ID957730675,104 Mansfield St,3,h,1080000.0,8/04/2017,1.0,1.0,408.0,8.0,-37.7573,145.0083
ID666495006,12 Northumberland Rd,3,h,815000.0,15/10/2016,1.0,2.0,628.0,64.0,-37.7295,144.9316
ID687578829,6/7 Judd St,2,u,435000.0,28/05/2016,1.0,1.0,0.0,39.0,-37.8986,145.0567
ID710325832,79 Ormond Rd,2,h,940000.0,8/04/2017,1.0,2.0,428.0,4.0,-37.773,144.9332
ID534800702,2 Islington St,4,h,970000.0,22/04/2017,1.0,4.0,615.0,69.0,-37.785,144.8383
ID970869629,305/38 Nott St,2,u,760000.0,12/08/2017,2.0,1.0,0.0,6.0,-37.84158,144.93809
ID598628267,4/26 Cornell St,2,h,706000.0,28/08/2016,1.0,1.0,95.0,59.0,-37.8399,145.0912
ID180405833,94 Wilson St,2,h,800000.0,23/04/2016,1.0,0.0,137.0,109.0,-37.7745,144.9558
ID132911374,1/8 Paw Paw Rd,2,h,507000.0,25/02/2017,1.0,2.0,191.0,5.0,-37.8226,144.8392
ID621017412,11 Howell Pl,3,h,585000.0,14/05/2016,2.0,2.0,631.0,49.0,-37.7934,144.8467
ID350956852,29 Wickham Rd,3,h,1300000.0,28/05/2016,2.0,2.0,586.0,69.0,-37.9431,145.0274
ID824667688,2/635 Malvern Rd,2,u,876000.0,4/03/2017,1.0,1.0,649.0,84.0,-37.8486,145.00799999999995
ID172756256,405/2 Rouse St,1,u,600000.0,25/02/2017,1.0,1.0,6866.0,9.0,-37.8443,144.9437
ID743548284,607/255 Racecourse Rd,2,u,630000.0,4/03/2017,2.0,1.0,0.0,109.0,-37.7886,144.9328
ID931851926,240 Dandelion Dr,3,h,622000.0,3/06/2017,1.0,1.0,372.0,59.0,-37.91655,145.26933
ID452838453,106 Christmas St,3,t,1130000.0,30/07/2016,2.0,1.0,229.0,49.0,-37.7671,145.0153
ID346920576,18a Berembong Dr,2,u,470000.0,13/08/2016,1.0,1.0,218.0,49.0,-37.7337,144.8617
ID694822141,8/86 Queens Pde,3,t,775000.0,28/05/2016,2.0,2.0,0.0,121.0,-37.7918,144.9824
ID182609334,15/2 Gordon Gr,2,u,600000.0,17/09/2016,1.0,2.0,0.0,49.0,-37.8336,144.9882
ID280509249,806/800 Chapel St,2,u,800000.0,6/05/2017,2.0,2.0,0.0,19.0,-37.8361,144.9966
ID739840241,1/14 Arthur St,3,t,1250000.0,7/11/2016,2.0,1.0,80.0,16.0,-37.8416,144.9923
ID326083489,2 Pembroke Rd,3,h,2950000.0,28/05/2016,2.0,2.0,650.0,10.0,-37.8167,145.0797
ID681268458,5 Daours Ct,4,h,932500.0,22/04/2017,2.0,2.0,585.0,69.0,-37.7154,145.0777
ID641578684,3/15 Mitchell St,2,u,735000.0,6/05/2017,1.0,2.0,173.0,49.0,-37.7586,144.9653
ID714238623,104 Purinuan Rd,3,h,635000.0,27/05/2017,2.0,2.0,289.0,10.0,-37.70798,145.02101000000005
ID631775913,22 Contursi Dr,3,h,471000.0,17/06/2017,2.0,1.0,338.0,19.0,-37.705,144.75759
ID475092855,3/58 Moore St,3,t,740000.0,8/10/2016,2.0,1.0,255.0,5.0,-37.7546,144.9713
ID654468994,35 Elizabeth St,3,h,1537000.0,25/02/2017,2.0,2.0,324.0,20.0,-37.9034,145.017
ID381959375,10 Glen St,3,h,1400000.0,20/05/2017,1.0,1.0,476.0,42.0,-37.7495,144.9157
ID452839014,5/46 Greeves St,2,u,431000.0,18/06/2016,1.0,1.0,0.0,79.0,-37.8665,144.9833
ID247233843,8 Efficient St,3,h,490000.0,8/07/2017,2.0,2.0,375.0,7.0,-37.62157,145.01049
ID199449306,2a Iris St,2,h,633000.0,14/05/2016,1.0,1.0,276.0,54.0,-37.8454,145.0971
ID906568534,21/10 Breese St,3,u,627000.0,7/11/2016,2.0,2.0,0.0,8.0,-37.7634,144.9616
ID492584274,48 Gordon St,3,h,1510000.0,28/05/2016,1.0,1.0,453.0,49.0,-37.7772,145.0232
ID871100539,91 High St,4,h,970000.0,16/04/2016,1.0,1.0,619.0,104.0,-37.839,144.8854
ID308106217,43 Mitchell St,4,h,1275000.0,23/09/2017,1.0,2.0,518.0,139.0,-37.758829999999996,144.96749
ID204503813,61 Canterbury Rd,3,h,751000.0,22/07/2017,1.0,2.0,693.0,69.0,-37.825359999999996,145.24893
ID976503828,232 Williams Rd,3,h,1635000.0,3/12/2016,1.0,2.0,386.0,19.0,-37.8435,145.0043
ID298258961,27 Connie St,4,h,1255000.0,28/08/2016,2.0,2.0,610.0,69.0,-37.9207,145.0757
ID200983398,41 McKinnon Rd,2,h,1200000.0,12/08/2017,1.0,2.0,397.0,79.0,-37.90978,145.02937
ID523936214,2/26 Mercer Rd,2,u,820000.0,3/09/2017,1.0,1.0,1501.0,119.0,-37.8528,145.02684
ID357043283,30 Abbott St,7,h,1350000.0,3/12/2016,2.0,0.0,942.0,59.0,-37.7923,145.1029
ID301553152,3 McGrath Cl,3,h,365000.0,7/05/2016,1.0,0.0,543.0,49.0,-37.7367,144.82399999999996
ID488498698,4/6 Linton St,2,u,504000.0,10/12/2016,1.0,1.0,0.0,39.0,-37.7712,145.0455
ID454467310,166 Rosanna Rd,3,h,620000.0,10/12/2016,1.0,0.0,454.0,79.0,-37.7449,145.072
ID240719210,3/28 Avoca Av,2,u,930000.0,29/07/2017,1.0,1.0,837.0,89.0,-37.87307,144.98635
ID999339167,37 Eamon Dr,3,h,770000.0,4/06/2016,2.0,2.0,577.0,49.0,-37.7376,145.0895
ID851742638,77 Merrett Dr,3,h,1031000.0,26/08/2017,2.0,2.0,333.0,24.0,-37.85927,144.87904
ID882089907,36 Kenny St,3,h,2251000.0,3/12/2016,1.0,2.0,888.0,69.0,-37.8002,145.0949
ID780718515,1/2 Flowerdale Rd,3,u,957000.0,24/06/2017,2.0,2.0,254.0,25.0,-37.94313,145.03501
ID277975602,22 Milton Pde,3,h,2415000.0,15/10/2016,1.0,3.0,696.0,109.0,-37.8462,145.0386
ID493428583,366 Toorak Rd,3,h,1700000.0,27/11/2016,1.0,1.0,178.0,125.0,-37.8404,145.0022
ID417711413,23 Fraserburgh Cr,4,h,783000.0,8/07/2017,2.0,2.0,750.0,39.0,-37.64163,144.90493
ID293346769,2/11 Harts Pde,2,u,622000.0,27/11/2016,1.0,1.0,0.0,49.0,-37.8318,145.0448
ID167167123,87 Parkmore Rd,4,h,1415000.0,10/09/2016,2.0,2.0,604.0,49.0,-37.9153,145.0707
ID120038577,6/18 Orange Gr,1,u,290000.0,3/06/2017,1.0,1.0,880.0,69.0,-37.86752,144.99668
ID997570257,16 Wendora St,3,h,1075000.0,24/09/2016,2.0,1.0,752.0,19.0,-37.7303,144.9198
ID568664923,82 Highett Rd,3,h,1615000.0,6/05/2017,1.0,2.0,681.0,59.0,-37.9462,145.0193
ID610290119,190 Kambrook Rd,5,h,1665000.0,3/12/2016,2.0,2.0,593.0,59.0,-37.8849,145.0341
ID649456098,2C Ray Rd,3,t,780000.0,27/05/2017,2.0,2.0,306.0,20.0,-37.854729999999996,145.1521
ID576641460,6 Brady St,3,h,1275000.0,18/03/2017,2.0,1.0,132.0,119.0,-37.821999999999996,145.0041
ID451545532,31 Mill St,4,h,1150000.0,27/05/2017,2.0,2.0,599.0,19.0,-38.01468,145.09788999999995
ID280465370,65 Darling St,3,h,1240000.0,29/04/2017,2.0,2.0,275.0,139.0,-37.766999999999996,144.9108
ID500541233,22 Evelyn St,6,h,1361000.0,17/06/2017,3.0,4.0,726.0,39.0,-37.91945,145.1315
ID273576667,21 Wolseley Gr,4,h,2405000.0,28/05/2016,1.0,2.0,695.0,49.0,-37.9262,144.9969
ID804431061,33 Westmelton Dr,3,h,371500.0,22/07/2017,2.0,0.0,582.0,34.0,-37.6773,144.565
ID420340480,3 Ringtail Cct,3,h,725500.0,22/08/2016,2.0,2.0,214.0,5.0,-37.7831,144.8825
ID116425678,4/176 Ayr St,2,u,782000.0,22/04/2017,1.0,1.0,261.0,35.0,-37.7731,145.1044
ID761619155,1/380 Waverley Rd,3,h,1670000.0,27/11/2016,2.0,1.0,375.0,99.0,-37.8777,145.0608
ID604416595,176 Buckingham St,4,h,1645000.0,22/08/2016,2.0,1.0,249.0,49.0,-37.8147,145.0084
ID433711904,34 Soudan St,2,h,996000.0,29/07/2017,1.0,1.0,476.0,89.0,-37.73883,144.95321
ID419417936,1 Bethell St,3,h,1256000.0,6/08/2016,2.0,2.0,378.0,95.0,-37.9064,145.0287
ID150749738,5/9 Rockley Rd,2,u,792500.0,22/04/2017,1.0,1.0,0.0,49.0,-37.8383,144.9995
ID909386913,5D MacKie Rd,3,t,950000.0,17/06/2017,2.0,2.0,163.0,61.0,-37.9217,145.0733
ID303510796,43 Pascoe St,3,h,1780000.0,4/03/2017,1.0,2.0,627.0,59.0,-37.8599,145.0898
ID269139208,11 Vincent St,4,h,3400000.0,3/09/2016,3.0,2.0,856.0,99.0,-37.8628,145.0436
ID336097780,2 Fordholm Rd,5,h,4250000.0,17/09/2016,4.0,3.0,1275.0,89.0,-37.8291,145.0308
ID667098894,4/13 Sylvester St,2,u,522000.0,8/10/2016,1.0,1.0,161.0,7.0,-37.7204,144.9131
ID477200278,8/569 Orrong Rd,1,u,324000.0,16/04/2016,1.0,1.0,0.0,119.0,-37.8537,145.0114
ID190981264,15A Lothian St,3,t,1300000.0,11/02/2017,2.0,2.0,67.0,14.0,-37.804,144.9441
ID311823176,3/367 Williamstown Rd,2,u,440000.0,8/07/2017,1.0,1.0,100.0,119.0,-37.82356,144.88191
ID627722337,9/305 Dandenong Rd,2,u,1020000.0,24/06/2017,1.0,1.0,0.0,99.0,-37.85931,145.00616000000005
ID395301543,114 Hotham Rd,3,h,1065000.0,18/03/2017,1.0,2.0,653.0,43.0,-37.734,144.8785
ID596769023,127 Normanby Rd,4,h,2625000.0,25/02/2017,2.0,3.0,836.0,109.0,-37.8696,145.0323
ID787020237,2059 Malvern Rd,3,h,1380000.0,8/04/2017,1.0,2.0,572.0,109.0,-37.8757,145.066
ID379302978,22 Bayley Gr,4,h,1880000.0,29/04/2017,2.0,2.0,814.0,54.0,-37.7859,145.12
ID291333417,68 Weybridge St,3,h,1652000.0,20/05/2017,2.0,2.0,368.0,133.0,-37.8176,145.0882
ID209818725,26/670 Malvern Rd,2,u,888000.0,29/04/2017,1.0,1.0,0.0,114.0,-37.849000000000004,145.0088
ID310843593,314A Gillies St,2,h,874000.0,19/11/2016,1.0,2.0,333.0,34.0,-37.7642,145.0192
ID122584161,7 Maidstone St,2,h,1030000.0,27/05/2017,1.0,1.0,743.0,6.0,-37.8732,144.81331
ID683551248,2 Benston St,4,h,725000.0,3/06/2017,2.0,3.0,854.0,69.0,-37.59908,144.93954
ID710605769,4/200 Bay St,2,u,655000.0,10/09/2016,2.0,1.0,0.0,19.0,-37.8392,144.9421
ID498773150,1/5 Glover St,3,h,590000.0,17/06/2017,1.0,2.0,290.0,69.0,-37.7368,145.05048
ID732365082,116/56 Nicholson St,1,u,457000.0,22/08/2016,1.0,1.0,0.0,7.0,-37.8078,144.9965
ID445515355,4/2 Miller St,2,t,805000.0,12/11/2016,2.0,3.0,155.0,15.0,-37.7804,145.0308
ID296440817,44 Manning Rd,5,h,2500000.0,14/05/2016,3.0,2.0,488.0,89.0,-37.8733,145.0507
ID969246900,48 Glover St,2,h,1200000.0,18/06/2016,2.0,1.0,131.0,129.0,-37.839,144.94799999999995
ID856420584,10 Ivy St,2,t,660000.0,24/06/2017,2.0,1.0,70.0,79.0,-37.74645,144.98888
ID331564860,1/8 Stokes St,3,h,867000.0,25/02/2017,1.0,1.0,355.0,59.0,-37.7352,145.0713
ID413613355,4 Edwin St,3,h,990000.0,6/05/2017,2.0,2.0,377.0,79.0,-37.7573,145.0496
ID521687068,165 Hilton St,4,h,630000.0,27/11/2016,2.0,2.0,602.0,69.0,-37.7005,144.9258
ID536207779,75 Ballard St,4,h,970000.0,27/06/2016,1.0,2.0,664.0,59.0,-37.8172,144.8676
ID179486953,460 Bell St,2,h,630000.0,29/04/2017,1.0,1.0,319.0,64.0,-37.7442,144.9958
ID116760223,32 Ringtail Cct,4,h,826000.0,3/09/2016,2.0,2.0,308.0,7.0,-37.7833,144.8817
ID516111616,37 Newton St,5,h,2400000.0,12/08/2017,3.0,2.0,593.0,3.0,-37.83199000000001,145.10877
ID778109046,21 Crown St,3,h,1165000.0,28/08/2016,1.0,1.0,167.0,15.0,-37.8167,145.0098
ID430031510,37 Alamein Rd,3,h,392000.0,28/05/2016,1.0,2.0,372.0,59.0,-37.7383,145.0414
ID316810645,6 Greenock St,3,h,725000.0,6/05/2017,1.0,1.0,547.0,8.0,-37.7039,145.0226
ID195928682,37 Woodside St,3,h,1502000.0,15/07/2017,1.0,0.0,179.0,6.0,-37.7844,144.99005
ID246967554,41 McArthur Rd,4,h,1740000.0,7/11/2016,3.0,3.0,948.0,59.0,-37.7759,145.063
ID974527993,4 Vears Rd,3,h,1830000.0,25/02/2017,2.0,3.0,724.0,79.0,-37.8619,145.0879
ID888606874,13 Birrarrung Ct,4,h,1475000.0,24/09/2016,2.0,2.0,617.0,21.0,-37.7569,145.0913
ID311887981,15 Albert St,3,h,961000.0,19/08/2017,1.0,2.0,529.0,49.0,-37.75049,145.02098999999995
ID525749040,234 Victoria St,2,h,1026000.0,3/09/2016,1.0,0.0,225.0,114.0,-37.7676,144.9665
ID223004201,7 Zeal St,2,h,910000.0,16/04/2016,1.0,4.0,576.0,109.0,-37.7578,144.9439
ID953986376,12 Riviera St,4,h,795000.0,27/05/2017,2.0,2.0,631.0,59.0,-38.08814,145.12598
ID584657333,20 Astley St,4,h,1209000.0,26/07/2016,2.0,2.0,770.0,54.0,-37.7617,145.1065
ID656635028,6/39 St Kinnord St,1,u,310000.0,22/07/2017,1.0,1.0,1715.0,49.0,-37.75882,144.9027
ID663825255,147 George St,3,h,833800.0,24/06/2017,1.0,0.0,730.0,39.0,-37.88919,145.21629
ID585547365,1/41 Seventh St,3,t,1206000.0,12/08/2017,2.0,2.0,300.0,10.0,-37.98833,145.07741000000001
ID878831899,17 Curtin Dr,3,h,480500.0,19/08/2017,1.0,1.0,664.0,59.0,-37.56279,144.7304
ID921370158,2/2 Elsey Rd,2,u,525000.0,23/04/2016,1.0,2.0,284.0,5.0,-37.705,145.0152
ID684828933,17 Wentworth Cl,4,h,950000.0,3/09/2017,2.0,2.0,879.0,24.0,-37.680009999999996,145.16
ID278860682,2/100 Curzon St,2,t,888000.0,10/12/2016,1.0,1.0,0.0,21.0,-37.8016,144.9486
ID358499590,1/1 Clarendon St,3,t,650000.0,8/07/2017,2.0,2.0,159.0,3.0,-37.78502,144.86733
ID271755309,52/167 Fitzroy St,3,t,1295000.0,16/07/2016,2.0,2.0,0.0,19.0,-37.8584,144.9802
ID403466205,18 Chapel St,2,h,1015000.0,16/07/2016,1.0,1.0,131.0,129.0,-37.8274,144.9967
ID275293379,26/2 Ballarat Rd,3,u,561000.0,27/06/2016,1.0,1.0,0.0,13.0,-37.7952,144.909
ID949571507,38 Gretel Gr,4,h,320000.0,1/07/2017,2.0,1.0,547.0,33.0,-37.690259999999995,144.57866
ID764910262,1/2 Mary St,2,u,580000.0,22/07/2017,2.0,2.0,155.0,24.0,-37.943020000000004,145.15478000000004
ID822169607,15 Wright St,3,h,1045000.0,28/05/2016,1.0,1.0,429.0,89.0,-37.7453,144.9183
ID889704287,42 Marlborough St,2,u,835000.0,17/09/2016,2.0,1.0,362.0,59.0,-37.9149,145.0676
ID960792300,121 High St,4,h,1910000.0,1/07/2017,2.0,3.0,737.0,39.0,-37.86231,145.07213000000004
ID852318152,297 New St,4,h,2800000.0,10/12/2016,3.0,3.0,596.0,19.0,-37.9059,144.9927
ID412278951,3/61 Stawell St,2,u,696000.0,27/06/2016,2.0,1.0,0.0,11.0,-37.821999999999996,145.0104
ID442560116,1/54 Furneaux Gr,5,h,760000.0,20/05/2017,2.0,2.0,411.0,64.0,-37.7784,145.091
ID878211884,112 Edgewater Bvd,3,t,865000.0,16/04/2016,2.0,2.0,151.0,9.0,-37.7855,144.8958
ID957949768,4/7 York St,1,u,336000.0,28/08/2016,1.0,1.0,0.0,39.0,-37.7652,144.9116
ID190174736,47 Suffolk Rd,3,h,2200000.0,10/09/2016,2.0,4.0,816.0,69.0,-37.8304,145.0934
ID133851603,33 Haynes St,4,h,1820000.0,8/07/2017,2.0,2.0,680.0,13.0,-37.94882,145.03111
ID942778853,11 Aitken Ct,3,h,904000.0,12/08/2017,1.0,3.0,1014.0,79.0,-37.88472,145.26653000000005
ID371184006,19 Pearce St,5,h,1225000.0,29/04/2017,1.0,2.0,633.0,59.0,-37.8557,145.1285
ID279913663,75 Queen St,2,h,775000.0,13/05/2017,1.0,1.0,314.0,29.0,-37.7485,144.9502
ID759777657,27 Thomson Dr,4,h,890000.0,14/05/2016,3.0,2.0,583.0,49.0,-37.733000000000004,145.0694
ID693236895,29 Bevan St,4,h,2188000.0,19/11/2016,2.0,2.0,752.0,38.0,-37.8149,145.0747
ID557117293,1615/250 Elizabeth St,1,u,386000.0,10/09/2016,1.0,0.0,0.0,43.0,-37.8127,144.9627
ID949721017,2/36 Mulawa St,6,h,1350000.0,17/06/2017,4.0,4.0,4413.0,3.0,-37.777,145.28113000000005
ID204431052,53 Narbethong Dr,3,h,866000.0,8/07/2017,2.0,2.0,743.0,39.0,-37.71733,145.09622
ID669166213,55 McEwan Rd,2,h,780000.0,1/07/2017,1.0,1.0,588.0,10.0,-37.73764,145.05323
ID532966331,403/79 River St,2,u,850000.0,22/04/2017,2.0,2.0,17200.0,19.0,-37.8361,144.9966
ID816589488,20 Orlit Ct,3,h,647000.0,16/09/2017,2.0,4.0,614.0,99.0,-37.64035,145.05624
ID343732338,6/23 Gourlay St,2,u,442000.0,17/09/2016,1.0,1.0,0.0,59.0,-37.8726,144.9962
ID670683200,109 Victor Rd,4,h,1100000.0,8/10/2016,2.0,4.0,653.0,64.0,-37.9244,145.0792
ID383359400,1/256 Mason St,2,t,640000.0,11/03/2017,1.0,1.0,252.0,54.0,-37.8397,144.8602
ID943439347,3/5 Kent Rd,2,u,400000.0,23/04/2016,1.0,1.0,0.0,14.0,-37.8248,145.1215
ID658085064,14 Lucerne St,3,h,1415000.0,27/06/2016,1.0,1.0,605.0,69.0,-37.8703,145.0774
ID677211534,36 Charlotte St,2,h,1421000.0,12/11/2016,1.0,0.0,196.0,19.0,-37.8254,145.0
ID290423869,29/100 Commercial Rd,3,u,750000.0,4/06/2016,2.0,2.0,0.0,15.0,-37.8453,144.9849
ID818485218,10/40 Young St,2,t,515000.0,12/11/2016,1.0,1.0,1981.0,13.0,-37.7677,144.9221
ID420328916,12 Thomas St,3,h,1075000.0,4/06/2016,2.0,2.0,312.0,29.0,-37.9179,145.0232
ID867149499,59 Moubray St,3,h,2100000.0,23/09/2017,2.0,2.0,137.0,129.0,-37.84388,144.95303
ID735898239,11 Kimber Ct,4,h,1100000.0,17/06/2017,2.0,2.0,840.0,39.0,-37.97824,145.12949
ID496651050,1/270 Spring Rd,2,u,595000.0,27/05/2017,1.0,1.0,2256.0,39.0,-37.9811,145.13807
ID152770396,12 Power St,3,h,1670000.0,22/04/2017,1.0,1.0,534.0,3.0,-37.8114,145.0793
ID791014273,22 Skipton Rd,4,h,1337000.0,15/10/2016,1.0,2.0,696.0,89.0,-37.8991,145.0804
ID658864133,38 Budds St,2,t,657000.0,13/08/2016,1.0,2.0,138.0,99.0,-37.7427,144.9711
ID838240969,24 Elphinstone St,4,h,1300000.0,29/07/2017,2.0,2.0,588.0,49.0,-37.794579999999996,144.87271
ID259529455,43 Duke St,3,h,805000.0,17/06/2017,1.0,2.0,631.0,54.0,-37.789559999999994,144.84526
ID499098752,57 Monash St,3,h,1350000.0,18/03/2017,1.0,3.0,575.0,80.0,-37.7828,144.9049
ID855121319,12 Gordon Ct,3,h,1450000.0,12/08/2017,2.0,2.0,1555.0,79.0,-37.8357,145.22564
ID344251479,29 Mabel St,4,h,2216000.0,8/04/2017,2.0,0.0,670.0,89.0,-37.8378,145.089
ID732525215,7 Austin Rd,3,h,1050000.0,15/10/2016,2.0,2.0,357.0,49.0,-37.9449,145.0144
ID755943248,1A Riverview Ct,4,h,1190000.0,29/04/2017,3.0,2.0,224.0,4.0,-37.7641,144.8885
ID186024928,27 McPhail St,3,h,1315000.0,29/07/2017,3.0,1.0,226.0,19.0,-37.75485,144.9119
ID492952663,2/61 Black St,2,u,800000.0,16/04/2016,1.0,1.0,131.0,99.0,-37.9164,145.0002
ID801428657,53 Mangalore St,4,h,1740000.0,22/05/2016,3.0,2.0,650.0,94.0,-37.7796,144.935
ID372151714,3 South St,3,h,965000.0,27/06/2016,1.0,1.0,283.0,79.0,-37.8064,144.8944
ID299393950,3 Mitford Pl,4,h,1650000.0,24/06/2017,2.0,2.0,268.0,49.0,-37.87294,144.98118
ID670683200,109 Victor Rd,4,h,1100000.0,8/10/2016,2.0,4.0,653.0,64.0,-37.9244,145.0792
ID993831846,7/4 Smith St,1,u,314000.0,27/05/2017,1.0,1.0,0.0,49.0,-37.81256,144.99347
ID384296459,12 Taormina St,3,h,550000.0,27/05/2017,2.0,2.0,392.0,6.0,-37.62458,144.88546000000005
ID135595905,1 Ebony Pde,3,h,710000.0,1/07/2017,1.0,1.0,577.0,69.0,-37.74307,145.0399
ID406148368,7 Stewart St,4,h,1340000.0,18/03/2017,2.0,0.0,297.0,119.0,-37.8108,144.888
ID736279163,74 Forrester St,4,h,1275000.0,12/11/2016,2.0,2.0,503.0,11.0,-37.7513,144.8925
ID765886464,6 Addison St,4,h,1810000.0,1/07/2017,2.0,2.0,431.0,125.0,-37.77019,144.92691000000005
ID386788285,37 Orange St,3,h,1270000.0,12/11/2016,1.0,2.0,694.0,10.0,-37.9174,145.0779
ID305405524,15/289 Barkly St,2,u,482300.0,25/02/2017,1.0,0.0,0.0,39.0,-37.8735,144.9798
ID548464401,150 Millers Rd,3,h,585000.0,3/06/2017,1.0,1.0,402.0,39.0,-37.83012,144.84818
ID240675075,18 Kingston St,4,h,2400000.0,12/11/2016,2.0,2.0,663.0,119.0,-37.9323,145.0137
ID516557992,34 Elsey Rd,3,h,750000.0,9/09/2017,1.0,3.0,611.0,89.0,-37.70486,145.01169
ID531649921,54 Palmerston Cr,3,h,1210000.0,9/09/2017,2.0,0.0,149.0,119.0,-37.834740000000004,144.96917
ID555521800,7 Ballantyne St,3,h,1450000.0,26/08/2017,1.0,1.0,312.0,56.0,-37.7587,144.99966
ID620568986,19/47 Rockley Rd,2,u,500000.0,22/08/2016,1.0,1.0,0.0,39.0,-37.835,145.0002
ID582498416,58 Bliburg St,3,h,421000.0,30/07/2016,1.0,1.0,607.0,59.0,-37.6864,144.9111
ID647976175,11/52 Alma Rd,1,u,320000.0,8/04/2017,1.0,1.0,1036.0,49.0,-37.8607,144.9873
ID576561268,1/53 Grange Rd,2,u,838000.0,7/11/2016,1.0,1.0,0.0,61.0,-37.8366,145.0114
ID239387494,3 Peacock St,3,h,1468000.0,11/02/2017,1.0,2.0,706.0,17.0,-37.8509,145.1161
ID437750830,22b Essex Rd,4,h,2200000.0,7/05/2016,2.0,2.0,734.0,99.0,-37.8286,145.092
ID926922911,14 Baker St,4,h,760000.0,8/04/2017,1.0,5.0,650.0,69.0,-37.7867,144.8437
ID355231949,4/14 Brickwood St,2,u,858000.0,18/03/2017,1.0,1.0,107.0,69.0,-37.8958,144.9982
ID334302954,38A Carroll Cr,3,h,470000.0,19/08/2017,1.0,1.0,290.0,7.0,-37.6669,145.04234
ID882093615,41 Queen St,3,h,1690000.0,27/06/2016,2.0,2.0,692.0,13.0,-37.9043,145.0358
ID545398990,2b Roberts Rd,3,u,850000.0,3/06/2017,2.0,1.0,307.0,59.0,-37.72649000000001,144.88488999999996
ID344409126,68 Osborne St,3,h,1710000.0,27/11/2016,2.0,1.0,260.0,3.0,-37.8671,144.9001
ID601290277,21 Maud St,3,h,1300000.0,12/11/2016,1.0,2.0,464.0,64.0,-37.7945,145.0667
ID540161527,201 Stokes St,2,h,1515000.0,26/08/2017,2.0,2.0,197.0,9.0,-37.837540000000004,144.93954
ID706168438,15/104 Rowena Pde,1,u,355000.0,24/06/2017,1.0,0.0,1082.0,49.0,-37.8211,144.99549
ID944121729,49 Mangarra Rd,5,h,8000000.0,13/05/2017,5.0,4.0,2079.0,139.0,-37.8179,145.0694
ID581351706,1a Leander St,2,h,716000.0,30/07/2016,1.0,2.0,274.0,19.0,-37.7939,144.8846
ID911378688,2/68 Naples Rd,2,t,800000.0,3/06/2017,1.0,1.0,0.0,39.0,-37.98937,145.06723
ID450261085,10 Tuppen St,5,h,1287000.0,27/11/2016,2.0,2.0,488.0,89.0,-37.8131,144.8778
ID827070552,9/400 Dandenong Rd,2,u,420000.0,10/09/2016,1.0,1.0,0.0,7.0,-37.861,145.0136
ID894505464,118 Marshall Rd,3,h,640000.0,1/07/2017,1.0,2.0,219.0,59.0,-37.71655,144.88155
ID826896114,64 Magnolia Ct,4,h,1325000.0,17/09/2016,3.0,2.0,740.0,51.0,-37.7728,145.1271
ID373105417,1/5 Box St,3,t,678000.0,11/03/2017,2.0,1.0,230.0,10.0,-37.7077,145.0211
ID574758453,60 Arden St,4,h,1475000.0,12/08/2017,2.0,1.0,137.0,3.0,-37.80072,144.9496
ID444074335,395 Mitcham Rd,2,h,890000.0,24/06/2017,2.0,1.0,370.0,34.0,-37.82047,145.19421
ID452838453,106 Christmas St,3,t,1130000.0,30/07/2016,2.0,1.0,229.0,49.0,-37.7671,145.0153
ID778690361,403/99 Nott St,1,u,455500.0,24/09/2016,1.0,1.0,0.0,17.0,-37.8405,144.9385
ID557373693,320 Church St,3,h,1651000.0,24/09/2016,2.0,1.0,192.0,119.0,-37.8212,144.9985
ID745175929,52a Tucker Rd,2,u,725000.0,29/04/2017,1.0,1.0,0.0,13.0,-37.9296,145.0498
ID291328733,66 Roseberry St,3,h,1865000.0,4/03/2017,2.0,2.0,431.0,69.0,-37.8269,145.0496
ID758598645,48 Elder St,4,h,1695000.0,3/06/2017,3.0,4.0,696.0,69.0,-37.81726,145.16061000000005
ID707361404,192 Gillies St,3,h,1064000.0,6/08/2016,1.0,1.0,235.0,119.0,-37.7698,145.0183
ID150522254,2/95 Thomas St,3,t,1100000.0,24/09/2016,2.0,1.0,355.0,32.0,-37.9391,145.012
ID205936541,11 Walter St,3,h,810000.0,17/06/2017,1.0,2.0,634.0,19.0,-37.71236,144.94332
ID821809131,31/78 Oxford St,2,u,1215000.0,24/09/2016,2.0,1.0,0.0,124.0,-37.8035,144.985
ID120355994,14 Borlase St,5,h,1060000.0,29/04/2017,2.0,2.0,627.0,59.0,-37.7327,145.0804
ID917871554,30 Rothwell St,3,h,940000.0,3/12/2016,1.0,2.0,298.0,99.0,-37.7777,144.9195
ID740067924,8/18 Edgar St,2,u,680000.0,15/10/2016,1.0,1.0,0.0,73.0,-37.8566,145.0454
ID710779689,53 River St,4,h,1260000.0,7/05/2016,1.0,3.0,757.0,59.0,-37.8411,144.889
ID170000012,24 Home St,4,h,1162000.0,27/11/2016,3.0,4.0,695.0,59.0,-37.7264,145.0198
ID975423879,16 Waratah St,3,t,1260000.0,29/07/2017,2.0,2.0,669.0,59.0,-37.912890000000004,145.08065
ID175592765,12 Millard St,4,h,1115000.0,19/11/2016,2.0,2.0,575.0,59.0,-37.9274,145.0654
ID831765416,30 Lobb St,3,h,740000.0,28/05/2016,2.0,1.0,4676.0,9.0,-37.7687,144.9649
ID389428494,14 Shelley St,2,h,665000.0,6/05/2017,1.0,1.0,263.0,27.0,-37.7428,145.0511
ID817367595,18 Brockhoff Dr,4,h,1250000.0,24/09/2016,2.0,2.0,499.0,14.0,-37.8593,145.1101
ID121478089,52 Wilson Bvd,4,h,830000.0,22/08/2016,1.0,4.0,791.0,89.0,-37.7001,144.9936
ID505298209,30 Shepherd St,3,h,730000.0,29/04/2017,1.0,3.0,586.0,17.0,-37.783,144.855
ID659121328,12 Patterson Av,4,h,1702000.0,16/09/2017,1.0,1.0,762.0,59.0,-37.84162,145.10435
ID459461986,10/27 Lewisham Rd,2,u,600000.0,18/06/2016,1.0,1.0,0.0,49.0,-37.8559,144.999
ID918337871,11 Pacific Pl,3,h,695000.0,3/06/2017,2.0,2.0,665.0,29.0,-37.69408,144.77861000000001
ID844592352,6 Shackell St,2,h,735000.0,6/08/2016,1.0,1.0,280.0,119.0,-37.7429,144.952
ID468464517,9/3 Irving St,2,u,570500.0,4/03/2017,1.0,2.0,0.0,49.0,-37.8597,145.0318
ID414891236,25 Bruce St,3,h,690000.0,26/08/2017,1.0,2.0,535.0,89.0,-37.67324,145.03513
ID672315615,27/16 Goodwood St,2,t,810000.0,18/06/2016,1.0,1.0,94.0,109.0,-37.8201,144.9927
ID318052892,5/148 Nepean Hwy,3,t,805000.0,15/07/2017,2.0,2.0,0.0,13.0,-38.02768,145.10187
ID285069915,46 Yongala St,3,h,1850000.0,28/08/2016,1.0,1.0,607.0,69.0,-37.8058,145.0781
ID482216707,2/32 Wilson Rd,3,u,1000000.0,22/07/2017,2.0,2.0,365.0,23.0,-37.88599,145.17031
ID500081397,1/4 Weyburn Pl,2,t,550000.0,24/09/2016,1.0,2.0,158.0,26.0,-37.7592,144.8681
ID903061709,4/63 Carlisle St,2,u,533000.0,22/07/2017,1.0,1.0,463.0,59.0,-37.86761,144.98337
ID383315765,21 Woorite Pl,3,h,900000.0,12/11/2016,1.0,1.0,713.0,49.0,-37.7301,144.8671
ID644701766,45 Lenna St,3,h,1320000.0,15/07/2017,1.0,1.0,620.0,51.0,-37.85436,145.13827
ID697906822,9 Rosebud Pde,4,h,1080000.0,4/03/2017,1.0,2.0,676.0,49.0,-37.7389,145.0861
ID882970446,6/107 Riversdale Rd,2,u,500000.0,6/08/2016,1.0,1.0,0.0,12.0,-37.8287,145.035
ID494530096,15 Clifford St,4,h,705000.0,27/05/2017,2.0,4.0,765.0,44.0,-37.854,145.2565
ID532922514,87 Berkshire Rd,3,h,580000.0,18/03/2017,1.0,1.0,0.0,44.0,-37.7652,144.8376
ID874556971,35 Lindenow St,3,h,876000.0,8/07/2017,1.0,2.0,420.0,2.0,-37.77915,144.88137
ID708180844,12/262 Barkly St,2,u,602000.0,28/08/2016,1.0,1.0,0.0,39.0,-37.7794,144.989
ID665155578,17 Station Rd,4,h,1085000.0,8/10/2016,1.0,2.0,458.0,39.0,-37.8571,144.8915
ID492930682,37 Waltham St,2,h,1225000.0,9/09/2017,1.0,1.0,150.0,129.0,-37.78363,144.92997
ID862348742,8 Herbert St,3,h,705000.0,22/05/2016,1.0,1.0,581.0,59.0,-37.7691,144.8575
ID498078756,3/2 Cawkwell St,3,t,1390000.0,14/05/2016,2.0,1.0,227.0,24.0,-37.8577,145.0406
ID481279564,65 Fyfe Dr,4,h,1421000.0,10/09/2016,2.0,2.0,650.0,39.0,-37.7694,145.1222
ID481583792,24/384 Toorak Rd,1,u,367000.0,22/05/2016,1.0,0.0,0.0,69.0,-37.8406,145.0035
ID175004116,129 Albert St,3,h,850000.0,3/06/2017,1.0,2.0,485.0,139.0,-37.7383,145.02348999999995
ID893218127,2A Churchill St,3,h,1476000.0,18/03/2017,2.0,2.0,288.0,22.0,-37.7997,145.046
ID361449118,5 Ball Ct,10,h,900000.0,15/07/2017,3.0,2.0,313.0,13.0,-37.71098,145.05381
ID989802448,207/152 Peel St,2,u,580000.0,3/09/2016,2.0,1.0,0.0,7.0,-37.8558,144.9903
ID203085161,225 Gillies St,3,h,1055000.0,27/06/2016,1.0,2.0,382.0,69.0,-37.7696,145.0188
ID387271416,5 Aroona Ct,1,h,1720000.0,15/10/2016,2.0,1.0,676.0,54.0,-37.7632,144.898
ID486691475,5/25 Clarence St,1,u,373000.0,24/09/2016,1.0,1.0,0.0,54.0,-37.8728,145.0417
ID971462454,398 Wattletree Rd,3,h,1750000.0,22/08/2016,1.0,2.0,562.0,21.0,-37.8657,145.0536
ID430949534,2/147 Willsmere Rd,3,h,972500.0,16/04/2016,2.0,2.0,0.0,49.0,-37.7925,145.0389
ID845129789,1/3 Drysdale St,2,t,617500.0,22/07/2017,2.0,1.0,0.0,9.0,-37.73012,145.02652
ID442244420,27 Glencairn St,5,h,960000.0,15/07/2017,2.0,1.0,731.0,54.0,-37.9298,145.16523999999995
ID960194301,82 Sackville St,2,h,1265000.0,14/05/2016,1.0,1.0,282.0,99.0,-37.7985,144.9883
ID578167015,1/24 Daniel St,3,t,975000.0,8/04/2017,2.0,2.0,267.0,7.0,-37.8463,145.1071
ID547011627,309/166 Rouse St,2,u,655000.0,18/06/2016,1.0,1.0,0.0,13.0,-37.8416,144.939
ID895885337,52 Wellington St,2,h,1253000.0,27/05/2017,1.0,2.0,155.0,119.0,-37.82653,144.98945
ID790228760,5A Hornby St,2,h,1410000.0,17/06/2017,1.0,2.0,708.0,19.0,-37.91488,145.01868000000005
ID773504873,2C Castlemaine St,3,h,1425000.0,29/04/2017,3.0,2.0,305.0,12.0,-37.8149,144.8942
ID263796837,2 Hardwood Ct,5,h,1150000.0,23/09/2017,2.0,2.0,588.0,49.0,-37.81153,145.1855
ID579305506,25 Thomson St,3,h,873000.0,13/05/2017,1.0,2.0,625.0,79.0,-37.7876,144.8752
ID423691209,16 Davies St,2,h,793000.0,24/09/2016,1.0,1.0,144.0,24.0,-37.845,144.8873
ID558058179,52 Alexander St,2,h,990000.0,18/03/2017,1.0,2.0,306.0,89.0,-37.8037,144.8893
ID496123492,28/60 Cradle Mountain Dr,2,t,310000.0,15/07/2017,1.0,1.0,38.0,6.0,-37.57467000000001,144.92229
ID416416908,2A Edyvean St,3,h,1185000.0,25/02/2017,2.0,2.0,267.0,19.0,-37.8302,145.1046
ID848619156,172 Danks St,2,h,1380000.0,3/06/2017,1.0,1.0,164.0,59.0,-37.84763,144.95175
ID857259853,55 Alpine Gr,3,h,980000.0,19/08/2017,1.0,1.0,546.0,69.0,-37.72208,144.93714
ID964199565,36/73 River St,2,u,592000.0,9/09/2017,2.0,1.0,14294.0,13.0,-37.81894000000001,145.01314
ID203392722,25 Hope St,2,h,845000.0,10/09/2016,0.0,0.0,207.0,10.0,-37.863,145.0501
ID742161371,15 Barry St,6,h,6500000.0,13/08/2016,6.0,3.0,1334.0,129.0,-37.8029,145.0267
ID708983810,51 Davis St,3,h,1400000.0,22/07/2017,2.0,0.0,107.0,28.0,-37.79213,144.97207
ID479500018,4 Turner Ct,3,h,1550000.0,17/06/2017,2.0,2.0,648.0,39.0,-37.88255,145.14727
ID559454355,7 Neville St,4,h,970000.0,10/12/2016,2.0,4.0,659.0,69.0,-37.7467,144.8683
ID448401273,15 Heritage Dr,4,h,790000.0,8/07/2017,2.0,2.0,530.0,29.0,-37.65217,145.04863
ID658864133,38 Budds St,2,t,657000.0,13/08/2016,1.0,2.0,138.0,99.0,-37.7427,144.9711
ID712498514,30 Strang St,4,h,555000.0,3/09/2017,1.0,2.0,570.0,34.0,-37.87552,144.69648
ID610537285,11 Nottingham St,5,h,1900000.0,16/04/2016,2.0,2.0,566.0,129.0,-37.7893,144.933
ID241796476,5/29 Church St,2,u,480000.0,17/06/2017,1.0,1.0,601.0,49.0,-37.80915,145.00066
ID421365041,112 Eureka Dr,4,h,478000.0,8/07/2017,2.0,2.0,400.0,11.0,-37.87047000000001,144.59864
ID759820489,1/49 Hamilton St,2,u,591000.0,30/07/2016,1.0,1.0,269.0,69.0,-37.74,144.8851
ID796175419,50 Carlisle Rd,5,h,1100000.0,17/06/2017,3.0,2.0,836.0,18.0,-37.8801,145.26011
ID891697966,53 Metung St,3,h,2120000.0,17/09/2016,1.0,2.0,651.0,24.0,-37.8036,145.0715
ID845219073,5/350 Auburn Rd,3,t,1236000.0,24/06/2017,2.0,2.0,159.0,19.0,-37.83179000000001,145.04293
ID396381523,7 Morrow St,3,h,910000.0,22/08/2016,1.0,2.0,717.0,69.0,-37.7525,144.9321
ID543542093,3/165 Power St,1,u,370000.0,12/08/2017,1.0,1.0,0.0,129.0,-37.82541,145.02591
ID342896663,6 Carson St,4,h,3300000.0,26/08/2017,3.0,2.0,741.0,99.0,-37.81031,145.01955
ID509161423,2/33 Oconnor St,2,t,521000.0,3/06/2017,1.0,1.0,0.0,10.0,-37.7106,145.00177
ID805784822,233/4 Bik La,2,u,700000.0,3/09/2016,2.0,1.0,4332.0,9.0,-37.7846,144.9785
ID933184925,70 Munster Tce,2,t,1105000.0,4/03/2017,2.0,1.0,88.0,9.0,-37.8018,144.9429
ID469915214,1/74 Miranda Rd,3,h,605000.0,13/05/2017,1.0,2.0,371.0,69.0,-37.7068,145.0193
ID924512219,1 Ord Ct,3,h,412500.0,22/07/2017,1.0,1.0,583.0,39.0,-37.88702,144.66101
ID200366497,38 Gillard St,5,h,1410000.0,18/03/2017,2.0,1.0,824.0,69.0,-37.8535,145.1139
ID113699336,11 Dummett Av,4,h,576000.0,22/07/2017,2.0,1.0,570.0,34.0,-37.87185,144.68931
ID952991456,123 MacKie Rd,3,h,1161000.0,24/09/2016,2.0,3.0,629.0,69.0,-37.912,145.0752
ID215498650,71 Bena St,2,h,760000.0,16/07/2016,1.0,1.0,472.0,139.0,-37.824,144.8805
ID319362988,3/14 Oconnor St,2,t,771000.0,28/05/2016,2.0,2.0,0.0,79.0,-37.7736,144.9725
ID904481708,1/42 Wattle Dr,3,h,582000.0,8/10/2016,1.0,0.0,302.0,69.0,-37.7163,145.0768
ID959812536,1/6 Krone St,4,t,1170000.0,3/06/2017,2.0,2.0,312.0,15.0,-38.001999999999995,145.08916000000005
ID516794329,163 Highbury Rd,3,h,1151000.0,4/02/2016,1.0,1.0,695.0,19.0,-37.8551,145.1121
ID529266717,22 Gellibrand Rd,6,h,1800000.0,3/12/2016,4.0,2.0,353.0,69.0,-37.8384,144.923
ID831688990,28 Tucker St,2,h,855000.0,19/08/2017,1.0,1.0,332.0,83.0,-37.79136,144.87618999999995
ID648831345,172 Maribyrnong Rd,3,h,930000.0,16/07/2016,1.0,1.0,305.0,119.0,-37.7711,144.9122
ID355785670,36 Billson St,3,h,1800000.0,17/09/2016,1.0,1.0,703.0,104.0,-37.9185,145.0138
ID895912151,149 Augustine Tce,3,h,447500.0,15/10/2016,1.0,1.0,320.0,19.0,-37.6949,144.9122
ID465560966,83 Scott St,3,t,890500.0,15/10/2016,2.0,1.0,213.0,69.0,-37.7631,144.9073
ID605822117,420 Arden St,2,h,1000000.0,29/04/2017,1.0,0.0,159.0,44.0,-37.7985,144.9307
ID734707965,13 Nicholls St,3,h,1700000.0,27/05/2017,2.0,0.0,312.0,99.0,-37.86162,145.03065
ID141443371,118/862 Glenferrie Rd,2,u,610000.0,4/03/2017,2.0,1.0,85.0,5.0,-37.8154,145.0369
ID841291202,10/32 Loller St,2,u,610000.0,22/05/2016,1.0,1.0,0.0,14.0,-37.9156,145.0013
ID174189104,8 Neptune St,2,h,965000.0,22/08/2016,1.0,0.0,158.0,119.0,-37.8201,145.007
ID504956697,61 Pardy St,3,h,940000.0,29/07/2017,1.0,1.0,559.0,64.0,-37.7327,144.92966
ID357640171,2/6 Sydney Rd,2,u,575000.0,24/09/2016,1.0,1.0,0.0,69.0,-37.7775,144.9607
ID885296934,4 Thompson St,3,h,1708000.0,4/03/2017,1.0,1.0,703.0,59.0,-37.9058,145.028
ID511446821,15 Wallace St,4,h,1000000.0,24/09/2016,1.0,1.0,589.0,84.0,-37.7628,144.9459
ID229562662,27 Champion Rd,3,h,1575000.0,13/05/2017,1.0,1.0,860.0,69.0,-37.8565,144.8865
ID569863994,64 Earlsfield Rd,4,h,1460000.0,27/06/2016,3.0,2.0,562.0,69.0,-37.9369,145.0163
ID601850944,2/380 High St,2,u,599000.0,6/08/2016,1.0,1.0,0.0,34.0,-37.8046,145.0375
ID135757979,1/30 Daley St,2,h,855000.0,10/12/2016,1.0,1.0,296.0,79.0,-37.9243,145.0376
ID988980091,24 Steele St,4,h,1322000.0,14/05/2016,1.0,1.0,549.0,89.0,-37.7696,144.929
ID126396011,221 Bluff Rd,4,h,1490000.0,26/08/2017,2.0,2.0,503.0,89.0,-37.95685,145.01977
ID699731379,15 Howitt St,4,h,3010000.0,24/09/2016,3.0,2.0,677.0,109.0,-37.8476,145.0554
ID352612786,2 Sanicki Ct,3,t,670000.0,27/11/2016,1.0,2.0,233.0,59.0,-37.9376,145.0784
ID657530107,23 Dean St,4,h,1260000.0,14/05/2016,3.0,2.0,654.0,69.0,-37.7365,145.0173
ID459876452,4/38 MacFarlan St,2,u,965000.0,3/12/2016,2.0,2.0,2143.0,21.0,-37.8393,144.9886
ID216795458,307/2 Chaucer St,1,u,335000.0,13/08/2016,1.0,0.0,0.0,6.0,-37.8682,144.9782
ID496108158,3/57 Pender St,1,u,383000.0,19/11/2016,1.0,1.0,0.0,54.0,-37.7539,145.0075
ID876987369,31a Winter St,3,h,2300000.0,30/07/2016,2.0,2.0,313.0,99.0,-37.8603,145.0322
ID666495006,12 Northumberland Rd,3,h,815000.0,15/10/2016,1.0,2.0,628.0,64.0,-37.7295,144.9316
ID778780106,4 Major St,4,h,1300000.0,24/06/2017,2.0,2.0,604.0,19.0,-37.947829999999996,145.03983
ID943670998,2/12 Blenheim St,2,u,495000.0,8/10/2016,1.0,1.0,96.0,59.0,-37.9102,145.0709
ID746864945,9 Lord St,2,h,620000.0,10/12/2016,1.0,2.0,0.0,7.0,-37.8852,145.0462
ID460590611,1c Barwon St,2,h,540000.0,7/05/2016,1.0,1.0,164.0,9.0,-37.7082,144.9178
ID578544503,19/300 King St,2,u,740000.0,17/06/2017,1.0,1.0,0.0,20.0,-37.81317,144.95452
ID146911069,14 Illoura St,3,h,601000.0,27/06/2016,1.0,1.0,653.0,19.0,-37.7163,145.08700000000005
ID779084900,11 Wewak Pde,2,h,735000.0,3/12/2016,1.0,3.0,602.0,59.0,-37.7455,145.0452
ID308089937,364 Station St,3,h,750000.0,29/07/2017,1.0,2.0,463.0,8.0,-38.05635,145.11836
ID690939687,29 Faussett St,2,h,2120000.0,10/09/2016,1.0,1.0,199.0,119.0,-37.8422,144.9554
ID821662524,146 Dow St,5,h,2350000.0,15/10/2016,1.0,2.0,350.0,129.0,-37.8407,144.9424
ID756324816,2/4 Balmoral St,2,u,445000.0,10/12/2016,1.0,1.0,916.0,4.0,-37.7502,144.9065
ID343324305,108 Oak Av,3,t,840000.0,3/09/2017,2.0,2.0,163.0,7.0,-37.97459,145.06937
ID444016421,114 Warwick Rd,3,h,503000.0,27/06/2016,1.0,1.0,251.0,74.0,-37.7682,144.8335
ID766618020,14 Emily St,3,h,1646000.0,11/03/2017,2.0,2.0,721.0,49.0,-37.8909,145.0648
ID241961782,16 Swallow St,3,h,1000000.0,26/07/2016,1.0,2.0,621.0,94.0,-37.7415,145.0084
ID424842538,38 Jacana St,3,h,740000.0,17/06/2017,1.0,1.0,280.0,19.0,-37.884859999999996,145.10203
ID118473556,39 Valias St,4,h,902000.0,9/09/2017,2.0,0.0,1457.0,49.0,-37.72548,145.20868000000004
ID763861347,29 Bell St,2,t,1350000.0,8/04/2017,1.0,2.0,6261.0,20.0,-37.799,144.975
ID738953881,9 Kelverne St,3,h,685000.0,24/06/2017,1.0,3.0,494.0,59.0,-37.71477,144.98235
ID396836736,6 Parkside Av,2,h,1820000.0,3/09/2017,1.0,2.0,701.0,79.0,-37.82756,145.11897
ID555067502,20/62 Wellington St,1,u,450000.0,7/05/2016,1.0,1.0,0.0,21.0,-37.8571,144.987
ID465560612,57 Holloway St,3,h,1510000.0,26/08/2017,2.0,3.0,540.0,99.0,-37.902159999999995,145.05069
ID713859463,292 Lennox St,3,h,1710000.0,14/05/2016,2.0,2.0,202.0,19.0,-37.8241,144.9934
ID985467844,1/10 Florence Rd,2,u,813000.0,28/01/2016,1.0,2.0,108.0,99.0,-37.8276,145.1023
ID520369542,6/366 Church St,2,u,680000.0,15/10/2016,1.0,1.0,0.0,7.0,-37.823,144.9982
ID730632970,6/6 Rosamond Rd,2,t,455000.0,27/05/2017,1.0,1.0,43.0,9.0,-37.78822,144.88361
ID627722337,9/305 Dandenong Rd,2,u,1020000.0,24/06/2017,1.0,1.0,0.0,99.0,-37.85931,145.00616000000005
ID348621169,8/25 Karingal St,2,u,505000.0,12/08/2017,1.0,1.0,297.0,12.0,-37.76793,145.29283999999996
ID781514551,7 Dalton Ct,4,h,570000.0,15/07/2017,2.0,2.0,665.0,59.0,-37.64993,144.92955
ID507611064,32 Sherlowe Cr,4,h,1295000.0,12/08/2017,2.0,2.0,702.0,41.0,-37.73226,145.09855
ID520572837,73 Talintyre Rd,3,h,496000.0,3/09/2016,1.0,2.0,780.0,20.0,-37.8004,144.8105
ID393098258,408 Canning St,3,h,1614500.0,20/05/2017,1.0,0.0,167.0,114.0,-37.7875,144.9749
ID923433912,30 Hull Rd,4,h,860000.0,24/06/2017,3.0,2.0,907.0,49.0,-37.79636,145.29351
ID314882353,11 Bowen St,3,h,930000.0,28/08/2016,3.0,1.0,325.0,109.0,-37.7702,144.9091
ID797421240,10 Crown St,3,h,870000.0,8/10/2016,2.0,0.0,167.0,49.0,-37.7869,144.9228
ID206673506,15/78 Oxford St,1,u,461000.0,16/07/2016,1.0,1.0,0.0,49.0,-37.8035,144.985
ID264306364,29 Stewart St,4,h,2230000.0,4/03/2017,2.0,3.0,851.0,79.0,-37.7637,144.9662
ID857932815,6 Pandanus Ct,2,h,777000.0,18/03/2017,1.0,0.0,649.0,64.0,-37.7443,145.0452
ID924961558,2/3 Inglisby Rd,2,h,666000.0,26/07/2016,1.0,1.0,0.0,116.0,-37.8147,145.1032
ID298125904,50 Wilson St,4,h,1211000.0,10/09/2016,1.0,3.0,477.0,109.0,-37.7632,144.9292
ID705127319,741 Elgar Rd,3,h,1391000.0,23/04/2016,1.0,1.0,764.0,54.0,-37.7934,145.1207
ID310616422,242 Waterloo Rd,3,h,725000.0,16/09/2017,1.0,1.0,327.0,59.0,-37.7151,144.92103
ID956607095,24 Sylvia St,3,h,1291000.0,8/07/2017,2.0,2.0,548.0,49.0,-37.84453,145.14446
ID803843414,4/7 Pershing St,2,u,390000.0,16/04/2016,1.0,1.0,122.0,39.0,-37.7261,144.9961
ID972119643,5 Jessie St,4,h,1001000.0,30/07/2016,2.0,2.0,581.0,79.0,-37.7905,144.8414
ID560521705,14 Arthur St,2,h,1065000.0,15/10/2016,1.0,3.0,507.0,109.0,-37.7437,144.9995
ID797958026,170 Coppin St,4,h,1800000.0,26/08/2017,1.0,4.0,418.0,59.0,-37.823679999999996,145.00271
ID877871057,5/70 Power St,2,u,690000.0,25/02/2017,1.0,1.0,82.0,129.0,-37.81800000000001,145.0268
ID694569389,28 Devoy St,3,h,1260500.0,26/07/2016,1.0,1.0,774.0,69.0,-37.9178,145.0872
ID557117293,1615/250 Elizabeth St,1,u,386000.0,10/09/2016,1.0,0.0,0.0,43.0,-37.8127,144.9627
ID637647270,4 Faircroft Av,3,h,1307500.0,19/08/2017,1.0,1.0,316.0,79.0,-37.84782,145.05004
ID974962116,20 Gordon St,2,h,1430000.0,25/02/2017,1.0,0.0,151.0,109.0,-37.7912,144.9963
ID991650085,78A Oxford St,4,h,1316000.0,27/11/2016,2.0,3.0,539.0,19.0,-37.8366,144.8773
ID589700344,12 Geake St,3,h,830000.0,30/07/2016,2.0,0.0,559.0,49.0,-37.7384,144.9617
ID737094600,62 Campbell St,4,h,4005000.0,28/05/2016,3.0,3.0,800.0,10.0,-37.8022,145.0565
ID853803022,81 Whitby St,3,h,1330000.0,12/11/2016,1.0,2.0,353.0,89.0,-37.764,144.9428
ID281540159,30 Okeefe St,3,h,888500.0,27/11/2016,1.0,2.0,497.0,14.0,-37.7441,145.0154
ID124331791,2 Margaret St,4,h,1300000.0,17/09/2016,3.0,2.0,743.0,46.0,-37.9362,145.0442
ID494386073,13 George St,2,h,722000.0,13/08/2016,1.0,1.0,400.0,64.0,-37.7352,144.9852
ID779720438,107/88 Altona St,1,u,360000.0,10/12/2016,1.0,1.0,4267.0,129.0,-37.7966,144.9254
ID931770930,3/199 Auburn Rd,2,u,525000.0,27/05/2017,1.0,1.0,279.0,94.0,-37.82676,145.04443999999995
ID252576498,22 Campbell St,3,h,1310000.0,19/08/2017,1.0,1.0,782.0,59.0,-37.869409999999995,145.17108000000005
ID460857006,47 Youngman St,2,h,800000.0,20/05/2017,1.0,1.0,405.0,84.0,-37.7356,145.0087
ID671001363,1/5 The Terrace,2,u,852000.0,22/04/2017,1.0,1.0,869.0,39.0,-37.8603,145.0224
ID894181465,801/65 Beach St,3,u,2260000.0,22/05/2016,2.0,2.0,0.0,12.0,-37.842,144.9364
ID433010928,141 Atherton Rd,4,h,1600000.0,29/04/2017,3.0,4.0,691.0,69.0,-37.8999,145.0993
ID658085064,14 Lucerne St,3,h,1415000.0,27/06/2016,1.0,1.0,605.0,69.0,-37.8703,145.0774
ID956607095,24 Sylvia St,3,h,1291000.0,8/07/2017,2.0,2.0,548.0,49.0,-37.84453,145.14446
ID818817518,296 Albert Rd,3,h,1825000.0,18/06/2016,2.0,2.0,151.0,119.0,-37.8383,144.9632
ID432369194,128 Bond St,5,h,1689000.0,13/05/2017,2.0,2.0,633.0,109.0,-37.7615,145.0309
ID960192416,27 Snapshot Dr,5,h,1172000.0,19/11/2016,3.0,2.0,425.0,5.0,-37.7302,144.9816
ID469963848,48 Tucker Rd,3,h,1045000.0,1/07/2017,1.0,1.0,401.0,49.0,-37.929990000000004,145.04932
ID737188966,7 Wallace St,3,h,1355000.0,8/10/2016,1.0,2.0,818.0,64.0,-37.9241,145.0539
ID118567168,1712/39 Coventry St,2,u,485000.0,10/09/2016,1.0,1.0,2121.0,6.0,-37.8295,144.9692
ID114770301,16 Bevis St,5,h,1800000.0,26/08/2017,3.0,3.0,697.0,59.0,-37.91865,145.05418
ID122718503,906 High St,3,h,700000.0,24/09/2016,1.0,1.0,621.0,69.0,-37.7195,145.0074
ID457211953,2/17 Small St,2,u,685000.0,24/06/2017,1.0,0.0,0.0,12.0,-37.9392,145.00095
ID376923322,136 The Parade,2,h,1050000.0,20/05/2017,1.0,0.0,341.0,8.0,-37.7721,144.9113
ID964364124,6/837 Park St,2,u,600000.0,13/08/2016,1.0,1.0,768.0,49.0,-37.7768,144.9512
ID979661293,11 Kerferd St,2,h,941000.0,13/05/2017,1.0,2.0,413.0,29.0,-37.7355,144.9545
ID949248779,3 Carmelo Av,3,h,1430000.0,3/09/2017,1.0,1.0,641.0,4.0,-37.87811,145.07778000000005
ID583010094,18 Swanston St,2,h,690000.0,20/05/2017,1.0,0.0,563.0,79.0,-37.7383,145.0555
ID228992310,43 Helston St,4,h,1530000.0,27/06/2016,2.0,2.0,701.0,59.0,-37.7839,145.0954
ID626392488,17 Steane St,5,h,820000.0,27/11/2016,2.0,2.0,737.0,84.0,-37.7306,145.0242
ID456771777,78 Bridge St,4,h,1650000.0,30/07/2016,1.0,1.0,382.0,49.0,-37.7784,144.9959
ID246364338,52 Spicer Bvd,4,h,750000.0,23/09/2017,2.0,2.0,636.0,23.0,-37.87941,144.76935
ID207875642,22/4 Mason St,2,u,582000.0,29/07/2017,1.0,1.0,963.0,7.0,-37.84212,144.88211
ID470897257,21 Gardner St,3,h,1152500.0,6/08/2016,2.0,1.0,78.0,19.0,-37.8154,145.0061
ID302141406,3/7 Lilian St,3,t,1235000.0,27/05/2017,3.0,2.0,338.0,119.0,-37.827040000000004,145.16801
ID990347553,5/6 MacPherson St,2,u,348000.0,1/07/2017,1.0,0.0,156.0,25.0,-37.987120000000004,145.22262
ID859993118,13 Maylands St,3,h,685000.0,18/03/2017,1.0,1.0,697.0,69.0,-37.7765,144.8175
ID151083799,27 Zoe Cct,3,t,980000.0,25/02/2017,2.0,2.0,195.0,7.0,-37.7678,144.9853
ID596347851,5a Compton St,2,u,695000.0,27/05/2017,1.0,1.0,300.0,8.0,-37.80574,145.18832
ID823995837,907/15 Clifton St,1,u,549800.0,3/12/2016,1.0,1.0,0.0,7.0,-37.8519,144.9948
ID264985099,14 Hollsmoor Rd,3,h,2155000.0,24/09/2016,1.0,1.0,891.0,99.0,-37.8408,145.0905
ID524358487,2/4 Carmyle Ct,2,u,411000.0,27/11/2016,1.0,1.0,0.0,24.0,-37.7608,144.863
ID357043283,30 Abbott St,7,h,1350000.0,3/12/2016,2.0,0.0,942.0,59.0,-37.7923,145.1029
ID880944486,23 Fenton Cr,4,h,980000.0,26/08/2017,2.0,2.0,937.0,59.0,-38.15845,145.11141
ID692992281,1/35 George St,2,u,491000.0,10/12/2016,1.0,1.0,168.0,49.0,-37.7167,145.0001
ID631174490,10/30 Richardson St,1,u,291000.0,1/07/2017,1.0,1.0,0.0,49.0,-37.75121,144.91326
ID273317904,2/166 Mitchell St,4,t,821000.0,29/07/2017,3.0,2.0,294.0,5.0,-37.78133,144.86768
ID816806629,28 Martin Rd,3,h,1601000.0,20/05/2017,1.0,2.0,453.0,89.0,-37.8487,145.0592
ID398056541,42 Robert St,4,h,1300000.0,3/09/2016,1.0,2.0,717.0,59.0,-37.7608,145.0862
ID795553318,11 Avocet St,3,h,1482000.0,3/09/2017,1.0,3.0,713.0,49.0,-37.79507,145.15913999999995
ID960923068,53 Heller St,4,h,1150000.0,28/05/2016,1.0,2.0,519.0,109.0,-37.7747,144.9474
ID413086703,1 Carcoola Ct,3,h,1470000.0,25/02/2017,2.0,2.0,0.0,39.0,-37.9071,145.0439
ID378037767,26 Gardenvale Rd,2,h,1104000.0,13/05/2017,1.0,1.0,534.0,8.0,-37.8989,145.0171
ID879784330,14/27 Lewisham Rd,2,u,585000.0,8/04/2017,1.0,1.0,0.0,54.0,-37.8559,144.999
ID331839619,1/17 Baker St,2,u,639000.0,19/11/2016,1.0,1.0,83.0,59.0,-37.9355,145.0485
ID423117467,4/95 Wilson St,2,u,760000.0,25/02/2017,1.0,2.0,0.0,19.0,-37.914,145.003
ID172756256,405/2 Rouse St,1,u,600000.0,25/02/2017,1.0,1.0,6866.0,9.0,-37.8443,144.9437
ID297019300,1/109 Station St,3,u,686000.0,4/03/2017,1.0,2.0,273.0,39.0,-37.8473,145.1203
ID563660520,6 Melrose Ct,4,h,1152000.0,9/09/2017,2.0,2.0,734.0,83.0,-37.874320000000004,145.18766000000005
ID636784290,2/27 Morley St,3,u,460000.0,22/08/2016,2.0,1.0,190.0,9.0,-37.6997,144.9367
ID231928883,47 Kellett Gr,4,h,2245000.0,27/11/2016,3.0,2.0,627.0,60.0,-37.7915,145.0348
ID413681410,25 Clauscen St,3,h,1150000.0,3/09/2016,2.0,2.0,649.0,59.0,-37.7642,145.1157
ID286738156,13 Francis St,2,h,1165000.0,1/07/2017,1.0,1.0,149.0,5.0,-37.81954,145.00304
ID209687227,4/41 Shelley St,2,u,765000.0,16/04/2016,1.0,0.0,0.0,79.0,-37.8809,144.9833
ID553484794,18 Francis St,2,h,780000.0,20/05/2017,1.0,1.0,433.0,79.0,-37.7521,145.0516
ID289905146,3/39 Dover St,2,u,365000.0,3/12/2016,1.0,1.0,0.0,49.0,-37.7833,144.9255
ID816780462,28/161 Sturt St,2,u,600000.0,27/05/2017,1.0,1.0,3634.0,26.0,-37.8281,144.96627
ID275314780,202b Edward St,3,h,1170000.0,15/10/2016,2.0,0.0,185.0,21.0,-37.7755,144.9744
ID979325474,196 Blyth St,5,h,1480000.0,13/05/2017,3.0,4.0,725.0,39.0,-37.8712,144.8107
ID165579068,147 Easey St,2,h,1095000.0,24/06/2017,1.0,0.0,151.0,119.0,-37.79853,144.99256
ID551019908,5 Hibiscus Rd,4,h,1250000.0,12/08/2017,2.0,2.0,580.0,54.0,-37.8051,145.14351000000005
ID949823699,3/17 Gerald St,2,u,660000.0,17/06/2017,1.0,1.0,109.0,21.0,-37.89578,145.06898999999999
ID382551319,2/2 Clifton Rd,2,u,840000.0,18/03/2017,1.0,1.0,150.0,50.0,-37.844,145.0496
ID787357565,33 Cecil St,3,h,1310000.0,24/09/2016,2.0,1.0,185.0,119.0,-37.8664,144.9072
ID118039431,41 Kernot St,3,h,835000.0,27/05/2017,1.0,1.0,297.0,109.0,-37.829840000000004,144.873
ID607427507,197 Wingrove St,3,h,1125000.0,4/06/2016,1.0,2.0,530.0,19.0,-37.7788,145.0203
ID269237836,1 Frogmore Rd,3,h,1600000.0,7/05/2016,2.0,2.0,751.0,96.0,-37.8945,145.0648
ID607328637,7/18 Kelso St,2,u,546000.0,8/10/2016,1.0,1.0,0.0,39.0,-37.8282,144.9897
ID950867228,2/190 Murrumbeena Rd,1,u,291000.0,27/06/2016,1.0,1.0,0.0,69.0,-37.8979,145.0652
ID865712053,4/23 Compton St,2,u,652000.0,15/07/2017,1.0,1.0,260.0,49.0,-37.713770000000004,145.00214
ID549759946,245 Carrick Dr,3,h,629000.0,12/08/2017,1.0,2.0,552.0,39.0,-37.686409999999995,144.89826000000005
ID993533432,10 Canning St,4,h,2920000.0,3/09/2016,3.0,4.0,310.0,139.0,-37.7958,144.944
ID727600600,18 Malcolm Ct,3,h,1530000.0,17/06/2017,1.0,1.0,750.0,49.0,-37.877179999999996,145.11248
ID724523175,24 Hill St,3,h,1316000.0,17/06/2017,1.0,1.0,636.0,61.0,-37.92463,145.06051000000005
ID948401533,1/29 Devon Rd,2,t,540000.0,13/05/2017,1.0,2.0,240.0,19.0,-37.7217,144.924
ID317341755,86 Grieve Pde,3,h,913000.0,3/09/2017,2.0,3.0,530.0,34.0,-37.8614,144.81931
ID383515570,36 Rutland St,2,h,1310000.0,19/08/2017,1.0,2.0,146.0,129.0,-37.793459999999996,144.99642
ID737433744,1/7 Derry St,2,h,670000.0,27/11/2016,1.0,2.0,0.0,29.0,-37.76,144.9002
ID742161371,15 Barry St,6,h,6500000.0,13/08/2016,6.0,3.0,1334.0,129.0,-37.8029,145.0267
ID693236895,29 Bevan St,4,h,2188000.0,19/11/2016,2.0,2.0,752.0,38.0,-37.8149,145.0747
ID658864133,38 Budds St,2,t,657000.0,13/08/2016,1.0,2.0,138.0,99.0,-37.7427,144.9711
ID636032289,1/100 St Elmo Rd,2,u,450000.0,19/11/2016,1.0,1.0,0.0,59.0,-37.759,145.047
ID548464401,150 Millers Rd,3,h,585000.0,3/06/2017,1.0,1.0,402.0,39.0,-37.83012,144.84818
ID742777305,48 Thomas St,2,h,1000000.0,10/09/2016,1.0,2.0,564.0,71.0,-37.9143,145.0238
ID361449118,5 Ball Ct,10,h,900000.0,15/07/2017,3.0,2.0,313.0,13.0,-37.71098,145.05381
ID710605769,4/200 Bay St,2,u,655000.0,10/09/2016,2.0,1.0,0.0,19.0,-37.8392,144.9421
ID216795458,307/2 Chaucer St,1,u,335000.0,13/08/2016,1.0,0.0,0.0,6.0,-37.8682,144.9782
ID648831345,172 Maribyrnong Rd,3,h,930000.0,16/07/2016,1.0,1.0,305.0,119.0,-37.7711,144.9122
ID358499590,1/1 Clarendon St,3,t,650000.0,8/07/2017,2.0,2.0,159.0,3.0,-37.78502,144.86733
ID952533381,13 Stewart St,2,h,1360000.0,8/10/2016,1.0,1.0,690.0,89.0,-37.9056,145.0288
ID627722337,9/305 Dandenong Rd,2,u,1020000.0,24/06/2017,1.0,1.0,0.0,99.0,-37.85931,145.00616000000005
ID456771777,78 Bridge St,4,h,1650000.0,30/07/2016,1.0,1.0,382.0,49.0,-37.7784,144.9959
ID880871266,1 Walwa Pl,3,h,427000.0,1/07/2017,1.0,2.0,637.0,35.0,-37.91165,144.67241
ID967698177,138 Raleigh St,2,h,1143000.0,22/08/2016,1.0,2.0,431.0,49.0,-37.7598,145.0088
ID636032289,1/100 St Elmo Rd,2,u,450000.0,19/11/2016,1.0,1.0,0.0,59.0,-37.759,145.047
ID627722337,9/305 Dandenong Rd,2,u,1020000.0,24/06/2017,1.0,1.0,0.0,99.0,-37.85931,145.00616000000005
ID175388776,30 Alexander St,3,h,1297000.0,8/07/2017,2.0,0.0,186.0,129.0,-37.79557,144.99158
ID498773150,1/5 Glover St,3,h,590000.0,17/06/2017,1.0,2.0,290.0,69.0,-37.7368,145.05048
